emotion	scale	key	chord_name	weight
Delicate	Aeolian	D	Bbmaj7-C7-Dmaj7	0.25160270
Delicate	Aeolian	E minor	Em-C-G-D	0.04106981
Delicate	Aeolian	E minor	Em-D-C-D	0.06619869
Delicate	Aeolian	E minor	C-D-Em	0.05959789
Delicate	Aeolian	E minor	Em-Am-D-G	0.02979883
Delicate	Aeolian	E minor	Em-Bm-D-C	0.03714173
Delicate	Aeolian	D	D-C-Bb-C	0.06408787
Delicate	Aeolian	E minor	Em-Am-Bm	0.06318128
Delicate	Aeolian	E minor	Em-D-G-D	0.06274161
Delicate	Aeolian	E minor	C-G-D-Em	0.06498510
Delicate	Aeolian	E minor	Em-Am-Em-Bm	0.06559379
Delicate	Aeolian	E minor	Em-D-C	0.06557764
Delicate	Aeolian	E minor	Em-C-D	0.06436335
Delicate	Aeolian	E minor	Em-Bm-G-C	0.06405972
Delicate	Dorian	E minor	Em-G-A	1.00000000
Delicate	Harmonic minor	E minor	F#m7b5-B7-Em7	0.30473278
Delicate	Harmonic minor	E minor	Am6-Emaj7	0.31115272
Delicate	Harmonic minor	E minor	Am7-B7-Em7	0.30529262
Delicate	Harmonic minor	E minor	F#dim-B-Em	0.07882187
Delicate	Ionian	D	A7-Abm7b5-Gm7-F#m7	0.06146303
Delicate	Ionian	D	A7-F#m7	0.06125398
Delicate	Ionian	D	A7-Bm7	0.06261200
Delicate	Ionian	D	A7-Fmaj7	0.06066289
Delicate	Ionian	D	A7-Ebmaj7	0.06177602
Delicate	Ionian	D	A7-Bbmaj7	0.06088051
Delicate	Ionian	D	B7-Bbmaj7	0.06219945
Delicate	Ionian	D	Em7-A7-Dmaj7	0.06277348
Delicate	Ionian	D	Gm7-C7-Dmaj7	0.06301939
Delicate	Ionian	D	Gmaj7-Gm6-Dmaj7	0.06233711
Delicate	Ionian	D	Gmaj7-Dmaj7	0.06367068
Delicate	Ionian	D	Gmaj7-A7-Dmaj7	0.06252265
Delicate	Ionian	D	D-A-Bm-G	0.01498754
Delicate	Ionian	D	D-G-Bm-G	0.00120466
Delicate	Ionian	D	Bm-G-D-A	0.01414945
Delicate	Ionian	D	D-A-G-D	0.00648972
Delicate	Ionian	D	D-G-A	0.01429257
Delicate	Ionian	D	D-Bm-G-A	0.01522734
Delicate	Ionian	D	D-A-Bm-F#m	0.00137335
Delicate	Ionian	D	D-G-A-G	0.01644459
Delicate	Ionian	D	D-G-F#m-Bm	0.01554939
Delicate	Ionian	D	D-F#-G-Gm	0.01563768
Delicate	Ionian	D	Em-A-D	0.01601585
Delicate	Ionian	D	D-G-D-A	0.01533914
Delicate	Ionian	D	G-A-D	0.01550477
Delicate	Ionian	D	D-A-F#m-G	0.01503441
Delicate	Ionian	D	G-D	0.01539552
Delicate	Ionian	D	G-F#m-Bm-E	0.01617446
Delicate	Ionian	D	Gm-C-D	0.01496534
Delicate	Ionian	D	D-G-A-Bm	0.01593992
Delicate	Ionian	D	D-G-Em-A	0.01510310
Delicate	Lydian	D	D-E-A-D	1.00000000
Delicate	Mixolydian	D	A7-Cmaj7	0.65148952
Delicate	Mixolydian	D	D-C-G	0.17868087
Delicate	Mixolydian	D	D-Am-C-G	0.16982961
Delicate	Phrygian	E minor	Em-F-D-Em	1.00000000
Depressive	Aeolian	Db	Amaj7-B7-Dbmaj7	0.16727981
Depressive	Aeolian	C minor	Cm-Gm-Bb-Gm	0.00367079
Depressive	Aeolian	C minor	Cm-Bb-Ab-Bb	0.04401266
Depressive	Aeolian	C minor	Ab-Bb-Gm	0.00651091
Depressive	Aeolian	C minor	Cm-Bb-Ab-G	0.00297679
Depressive	Aeolian	C minor	Cm-Fm-Bb-Eb	0.01981196
Depressive	Aeolian	Ab minor	G#m-F#-E-F#	0.04401266
Depressive	Aeolian	Ab minor	G#m-E-B-F#	0.02730555
Depressive	Aeolian	Ab minor	E-F#-G#m	0.03962407
Depressive	Aeolian	Ab minor	G#m-D#m-B-F#	0.00314611
Depressive	Aeolian	Db	Db-B-A-B	0.04260926
Depressive	Aeolian	C minor	Cm-Fm-Gm	0.04200652
Depressive	Aeolian	Ab minor	G#m-C#m-D#m	0.04200652
Depressive	Aeolian	C minor	Cm-Bb-Eb-Bb	0.04171420
Depressive	Aeolian	Ab minor	G#m-F#-B-F#	0.04171420
Depressive	Aeolian	C minor	Ab-Eb-Bb-Cm	0.04320580
Depressive	Aeolian	Ab minor	E-B-F#-G#m	0.04320580
Depressive	Aeolian	C minor	Cm-Fm-Cm-Gm	0.04361048
Depressive	Aeolian	Ab minor	G#m-C#m-G#m-D#m	0.04361048
Depressive	Aeolian	C minor	Cm-Bb-Ab	0.04359975
Depressive	Aeolian	Ab minor	G#m-F#-E	0.04359975
Depressive	Aeolian	C minor	Cm-Ab-Bb	0.04279242
Depressive	Aeolian	Ab minor	G#m-E-F#	0.04279242
Depressive	Aeolian	C minor	Cm-Gm-Eb-Ab	0.04259055
Depressive	Aeolian	Ab minor	G#m-D#m-B-E	0.04259055
Depressive	Dorian	C minor	Cm-Eb-F	0.50000000
Depressive	Dorian	Ab minor	G#m-B-C#	0.50000000
Depressive	Harmonic minor	C minor	Dm7b5-G7-Cm7	0.15442071
Depressive	Harmonic minor	Ab minor	Bbm7b5-Eb7-Abm7	0.15442071
Depressive	Harmonic minor	C minor	Fm6-Cmaj7	0.15537975
Depressive	Harmonic minor	Ab minor	C#m6-Abmaj7	0.15537975
Depressive	Harmonic minor	C minor	Fm7-G7-Cm7	0.14892354
Depressive	Harmonic minor	Ab minor	C#m7-Eb7-Abm7	0.14892354
Depressive	Harmonic minor	Ab minor	G#m-D#-C#m-G#m	0.00505781
Depressive	Harmonic minor	C minor	Ddim-G-Cm	0.03874709
Depressive	Harmonic minor	Ab minor	A#dim-D#-G#m	0.03874709
Depressive	Ionian	Db	Ab7-Gm7b5-F#m7-Fm7	0.06194755
Depressive	Ionian	Db	Ab7-Fm7	0.06173685
Depressive	Ionian	Db	Ab7-Bbm7	0.06310557
Depressive	Ionian	Db	Ab7-Emaj7	0.06114110
Depressive	Ionian	Db	Ab7-Dmaj7	0.06226300
Depressive	Ionian	Db	Ab7-Amaj7	0.06136043
Depressive	Ionian	Db	Bb7-Amaj7	0.06268977
Depressive	Ionian	Db	Ebm7-Ab7-Dbmaj7	0.06326832
Depressive	Ionian	Db	F#m7-B7-Dbmaj7	0.06351618
Depressive	Ionian	Db	F#maj7-F#m6-Dbmaj7	0.06282852
Depressive	Ionian	Db	F#maj7-Dbmaj7	0.06417260
Depressive	Ionian	Db	F#maj7-Ab7-Dbmaj7	0.06301551
Depressive	Ionian	Db	Db-Ab-Bbm-Gb	0.01510569
Depressive	Ionian	Db	Db-Gb-Ab	0.01440524
Depressive	Ionian	Db	Ebm-Fm-Bbm	0.00125620
Depressive	Ionian	Db	Bbm-Gb-Db-Ab	0.01426099
Depressive	Ionian	Db	Db-Gb-Ab-Gb	0.01657422
Depressive	Ionian	Db	Db-Gb-Fm-Bbm	0.01567196
Depressive	Ionian	Db	Db-F-Gb-Gbm	0.01576095
Depressive	Ionian	Db	Db-Bbm-Gb-Ab	0.01534738
Depressive	Ionian	Db	Ebm-Ab-Db	0.01614211
Depressive	Ionian	Db	Db-Gb-Db-Ab	0.01546006
Depressive	Ionian	Db	Gb-Ab-Db	0.01562699
Depressive	Ionian	Db	Db-Ab-Fm-Gb	0.01515293
Depressive	Ionian	Db	Gb-Db	0.01551689
Depressive	Ionian	Db	Gb-Fm-Bbm-Eb	0.01630196
Depressive	Ionian	Db	Gbm-B-Db	0.01508331
Depressive	Ionian	Db	Db-Gb-Ab-Bbm	0.01606558
Depressive	Ionian	Db	Db-Gb-Ebm-Ab	0.01522215
Depressive	Lydian	Db	Db-Eb-Ab-Db	1.00000000
Depressive	Mixolydian	Db	Ab7-Bmaj7	0.63865655
Depressive	Mixolydian	Db	Db-Gbsus-Cb-Ebsus	0.02260858
Depressive	Mixolydian	Db	Db-B-Gb	0.17487463
Depressive	Mixolydian	Db	Db-Abm-B-Gb	0.16386025
Depressive	Phrygian	C minor	Cm-Db-Bb-Cm	0.50000000
Depressive	Phrygian	Ab minor	G#m-A-F#-G#m	0.50000000
Despair	Aeolian	C# minor	C#m-F#m-A-B	0.00244517
Despair	Aeolian	C# minor	C#m-G#m-B-A	0.01476686
Despair	Aeolian	C# minor	C#m-B-A-B	0.02631936
Despair	Aeolian	C# minor	A-B-C#m	0.02369501
Despair	Aeolian	Eb minor	Ebm-Db-B-Db	0.02631936
Despair	Aeolian	Eb minor	Ebm-Db-Gb-B	0.00254556
Despair	Aeolian	Eb minor	B-Db-Ebm	0.02369501
Despair	Aeolian	Eb minor	Ebm-Bbm-Db-B	0.01476686
Despair	Aeolian	F minor	Fm-Ab-Eb-Db	0.00215631
Despair	Aeolian	F minor	Fm-Eb-Cm-Db	0.00231170
Despair	Aeolian	F minor	Fm-Db-Ab-Eb	0.01632859
Despair	Aeolian	F minor	Db-Eb-Fm	0.02369501
Despair	Aeolian	F minor	Fm-Eb-Db-Eb	0.02631936
Despair	Aeolian	Bb minor	Bbm-Ab-Gb-Ab	0.02631936
Despair	Aeolian	Bb minor	Bbm-Gb-Db-Ab	0.01632859
Despair	Aeolian	Bb minor	Gb-Ab-Bbm	0.02369501
Despair	Aeolian	Bb minor	Bbm-Ebm-Fm	0.02511970
Despair	Aeolian	Bb minor	Bbm-Ebm-Ab-Db	0.01184746
Despair	Aeolian	C# minor	C#m-F#m-G#m	0.02511970
Despair	Aeolian	Eb minor	Ebm-Abm-Bbm	0.02511970
Despair	Aeolian	F minor	Fm-Bbm-Cm	0.02511970
Despair	Aeolian	C# minor	C#m-B-E-B	0.02494489
Despair	Aeolian	Eb minor	Ebm-Db-Gb-Db	0.02494489
Despair	Aeolian	F minor	Fm-Eb-Ab-Eb	0.02494489
Despair	Aeolian	Bb minor	Bbm-Ab-Db-Ab	0.02494489
Despair	Aeolian	C# minor	A-E-B-C#m	0.02583686
Despair	Aeolian	Eb minor	B-Gb-Db-Ebm	0.02583686
Despair	Aeolian	F minor	Db-Ab-Eb-Fm	0.02583686
Despair	Aeolian	Bb minor	Gb-Db-Ab-Bbm	0.02583686
Despair	Aeolian	C# minor	C#m-F#m-C#m-G#m	0.02607886
Despair	Aeolian	Eb minor	Ebm-Abm-Ebm-Bbm	0.02607886
Despair	Aeolian	F minor	Fm-Bbm-Fm-Cm	0.02607886
Despair	Aeolian	Bb minor	Bbm-Ebm-Bbm-Fm	0.02607886
Despair	Aeolian	C# minor	C#m-B-A	0.02607244
Despair	Aeolian	Eb minor	Ebm-Db-B	0.02607244
Despair	Aeolian	F minor	Fm-Eb-Db	0.02607244
Despair	Aeolian	Bb minor	Bbm-Ab-Gb	0.02607244
Despair	Aeolian	C# minor	C#m-A-B	0.02558966
Despair	Aeolian	Eb minor	Ebm-B-Db	0.02558966
Despair	Aeolian	F minor	Fm-Db-Eb	0.02558966
Despair	Aeolian	Bb minor	Bbm-Gb-Ab	0.02558966
Despair	Aeolian	C# minor	C#m-G#m-E-A	0.02546895
Despair	Aeolian	Eb minor	Ebm-Bbm-Gb-B	0.02546895
Despair	Aeolian	F minor	Fm-Cm-Ab-Db	0.02546895
Despair	Aeolian	Bb minor	Bbm-Fm-Db-Gb	0.02546895
Despair	Dorian	Eb minor	Ebm-Ab7	0.02268890
Despair	Dorian	C# minor	C#m-E-F#	0.24432778
Despair	Dorian	Eb minor	Ebm-Gb-Ab	0.24432778
Despair	Dorian	F minor	Fm-Ab-Bb	0.24432778
Despair	Dorian	Bb minor	Bbm-Db-Eb	0.24432778
Despair	Harmonic minor	Bb minor	Cm7b5-F7-Bbm7	0.07740216
Despair	Harmonic minor	C# minor	Ebm7b5-Ab7-C#m7	0.07740216
Despair	Harmonic minor	Eb minor	Fm7b5-Bb7-Ebm7	0.07740216
Despair	Harmonic minor	F minor	Gm7b5-C7-Fm7	0.07740216
Despair	Harmonic minor	Bb minor	Ebm6-Bbmaj7	0.07743630
Despair	Harmonic minor	C# minor	F#m6-C#maj7	0.07743630
Despair	Harmonic minor	Eb minor	Abm6-Ebmaj7	0.07743630
Despair	Harmonic minor	F minor	Bbm6-Fmaj7	0.07743630
Despair	Harmonic minor	Bb minor	Ebm7-F7-Bbm7	0.07480771
Despair	Harmonic minor	C# minor	F#m7-Ab7-C#m7	0.07480771
Despair	Harmonic minor	Eb minor	Abm7-Bb7-Ebm7	0.07480771
Despair	Harmonic minor	F minor	Bbm7-C7-Fm7	0.07480771
Despair	Harmonic minor	C# minor	C#m-B-A-G#	0.00275912
Despair	Harmonic minor	C# minor	D#dim-G#-C#m	0.01966404
Despair	Harmonic minor	Eb minor	Fdim-Bb-Ebm	0.01966404
Despair	Harmonic minor	F minor	Gdim-C-Fm	0.01966404
Despair	Harmonic minor	Bb minor	Cdim-F-Bbm	0.01966404
Despair	Phrygian	C# minor	C#m-D-B-C#m	0.25000000
Despair	Phrygian	Eb minor	Ebm-E-Db-Ebm	0.25000000
Despair	Phrygian	F minor	Fm-Gb-Eb-Fm	0.25000000
Despair	Phrygian	Bb minor	Bbm-B-Ab-Bbm	0.25000000
Epic	Aeolian	Ab	Emaj7-F#7-Abmaj7	0.79939510
Epic	Aeolian	Ab	Ab-Gb-E-Gb	0.20060490
Epic	Ionian	Ab	Eb7-Dm7b5-Dbm7-Cm7	0.06129551
Epic	Ionian	Ab	Eb7-Cm7	0.06108703
Epic	Ionian	Ab	Eb7-Fm7	0.06244135
Epic	Ionian	Ab	Eb7-Bmaj7	0.06049756
Epic	Ionian	Ab	Eb7-Amaj7	0.06160765
Epic	Ionian	Ab	Eb7-Emaj7	0.06071458
Epic	Ionian	Ab	F7-Emaj7	0.06202992
Epic	Ionian	Ab	Bbm7-Eb7-Abmaj7	0.06260239
Epic	Ionian	Ab	Dbm7-F#7-Abmaj7	0.06284763
Epic	Ionian	Ab	Dbmaj7-Dbm6-Abmaj7	0.06216721
Epic	Ionian	Ab	Dbmaj7-Abmaj7	0.06349715
Epic	Ionian	Ab	Dbmaj7-Eb7-Abmaj7	0.06235224
Epic	Ionian	Ab	Eb-Ab-Fm-Db	0.00130888
Epic	Ionian	Ab	Ab-Eb-Fm-Db	0.01494669
Epic	Ionian	Ab	Ab-Db-Eb	0.01425362
Epic	Ionian	Ab	Ab-Db-Fm-Eb	0.01045964
Epic	Ionian	Ab	Fm-Db-Ab-Eb	0.01411089
Epic	Ionian	Ab	Ab-Db-Eb-Db	0.01639977
Epic	Ionian	Ab	Ab-Db-Cm-Fm	0.01550701
Epic	Ionian	Ab	Ab-C-Db-Dbm	0.01559506
Epic	Ionian	Ab	Ab-Fm-Db-Eb	0.01518584
Epic	Ionian	Ab	Bbm-Eb-Ab	0.01597220
Epic	Ionian	Ab	Ab-Db-Ab-Eb	0.01529734
Epic	Ionian	Ab	Db-Eb-Ab	0.01546251
Epic	Ionian	Ab	Ab-Eb-Cm-Db	0.01499343
Epic	Ionian	Ab	Db-Ab	0.01535356
Epic	Ionian	Ab	Db-Cm-Fm-Bb	0.01613038
Epic	Ionian	Ab	Dbm-Gb-Ab	0.01492455
Epic	Ionian	Ab	Ab-Db-Eb-Fm	0.01589648
Epic	Ionian	Ab	Ab-Db-Bbm-Eb	0.01506193
Epic	Lydian	Ab	Ab-Bb-Eb-Ab	1.00000000
Epic	Mixolydian	Ab	Eb7-F#maj7	0.66677199
Epic	Mixolydian	Ab	Ab-Gb-Db	0.16993900
Epic	Mixolydian	Ab	Ab-Ebm-Gb-Db	0.16328901
Fantasy	Aeolian	B	Gmaj7-A7-Bmaj7	0.39969755
Fantasy	Aeolian	G	Ebmaj7-F7-Gmaj7	0.39969755
Fantasy	Aeolian	G	G-F-Eb-F	0.10030245
Fantasy	Aeolian	B	B-A-G-A	0.10030245
Fantasy	Ionian	B	F#7-Fm7b5-Em7-Ebm7	0.03060613
Fantasy	Ionian	G	D7-Dbm7b5-Cm7-Bm7	0.03060613
Fantasy	Ionian	B	F#7-Ebm7	0.03050203
Fantasy	Ionian	G	D7-Bm7	0.03050203
Fantasy	Ionian	B	F#7-Abm7	0.03117826
Fantasy	Ionian	G	D7-Em7	0.03117826
Fantasy	Ionian	B	F#7-Dmaj7	0.03020769
Fantasy	Ionian	G	D7-Bbmaj7	0.03020769
Fantasy	Ionian	B	F#7-Cmaj7	0.03076198
Fantasy	Ionian	G	D7-Abmaj7	0.03076198
Fantasy	Ionian	B	F#7-Gmaj7	0.03031605
Fantasy	Ionian	G	D7-Ebmaj7	0.03031605
Fantasy	Ionian	B	Ab7-Gmaj7	0.03097283
Fantasy	Ionian	G	E7-Ebmaj7	0.03097283
Fantasy	Ionian	B	Dbm7-F#7-Bmaj7	0.03125868
Fantasy	Ionian	G	Am7-D7-Gmaj7	0.03125868
Fantasy	Ionian	B	Em7-A7-Bmaj7	0.03138113
Fantasy	Ionian	G	Cm7-F7-Gmaj7	0.03138113
Fantasy	Ionian	B	Emaj7-Em6-Bmaj7	0.03104138
Fantasy	Ionian	G	Cmaj7-Cm6-Gmaj7	0.03104138
Fantasy	Ionian	B	Emaj7-Bmaj7	0.03170545
Fantasy	Ionian	G	Cmaj7-Gmaj7	0.03170545
Fantasy	Ionian	B	Emaj7-F#7-Bmaj7	0.03113377
Fantasy	Ionian	G	Cmaj7-D7-Gmaj7	0.03113377
Fantasy	Ionian	G	G-D-Em-C	0.00746319
Fantasy	Ionian	G	G-C-D	0.00711713
Fantasy	Ionian	G	G-C-Em-D	0.00522271
Fantasy	Ionian	G	Em-C-G-D	0.00704586
Fantasy	Ionian	G	G-D-C-G	0.00323162
Fantasy	Ionian	G	G-Em-C-D	0.00758260
Fantasy	Ionian	B	B-E-D#m-G#	0.00071584
Fantasy	Ionian	B	C#m-F#-B	0.00797525
Fantasy	Ionian	B	B-D#m-F#-C#m-E	0.00070912
Fantasy	Ionian	B	B-F#-G#m-E	0.00746319
Fantasy	Ionian	B	B-E-F#	0.00711713
Fantasy	Ionian	B	G#m-E-B-F#	0.00704586
Fantasy	Ionian	B	B-F#-E-B	0.00323162
Fantasy	Ionian	G	G-C-D-C	0.00818874
Fantasy	Ionian	B	B-E-F#-E	0.00818874
Fantasy	Ionian	G	G-C-Bm-Em	0.00774297
Fantasy	Ionian	B	B-E-D#m-G#m	0.00774297
Fantasy	Ionian	G	G-B-C-Cm	0.00778694
Fantasy	Ionian	B	B-D#-E-Em	0.00778694
Fantasy	Ionian	B	B-G#m-E-F#	0.00758260
Fantasy	Ionian	G	Am-D-G	0.00797525
Fantasy	Ionian	G	G-C-G-D	0.00763828
Fantasy	Ionian	B	B-E-B-F#	0.00763828
Fantasy	Ionian	G	C-D-G	0.00772075
Fantasy	Ionian	B	E-F#-B	0.00772075
Fantasy	Ionian	G	G-D-Bm-C	0.00748653
Fantasy	Ionian	B	B-F#-D#m-E	0.00748653
Fantasy	Ionian	G	C-G	0.00766635
Fantasy	Ionian	B	E-B	0.00766635
Fantasy	Ionian	G	C-Bm-Em-A	0.00805423
Fantasy	Ionian	B	E-D#m-G#m-C#	0.00805423
Fantasy	Ionian	G	Cm-F-G	0.00745214
Fantasy	Ionian	B	Em-A-B	0.00745214
Fantasy	Ionian	G	G-C-D-Em	0.00793744
Fantasy	Ionian	B	B-E-F#-G#m	0.00793744
Fantasy	Ionian	G	G-C-Am-D	0.00752074
Fantasy	Ionian	B	B-E-C#m-F#	0.00752074
Fantasy	Lydian	G	G-A-D-G	0.50000000
Fantasy	Lydian	B	B-C#-F#-B	0.50000000
Fantasy	Mixolydian	B	F#7-Amaj7	0.33284323
Fantasy	Mixolydian	G	D7-Fmaj7	0.33284323
Fantasy	Mixolydian	G	G-F-C	0.08539102
Fantasy	Mixolydian	B	B-A-E	0.08539102
Fantasy	Mixolydian	G	G-Dm-F-C	0.08176575
Fantasy	Mixolydian	B	B-F#m-A-E	0.08176575
Gloomy	Aeolian	F# minor	D-E-C#m	0.01679079
Gloomy	Aeolian	F# minor	F#m-D-E	0.10593161
Gloomy	Aeolian	F# minor	F#m-E-D-E	0.10952277
Gloomy	Aeolian	F# minor	D-E-F#m	0.09847094
Gloomy	Aeolian	F# minor	F#m-Bm-E	0.02926497
Gloomy	Aeolian	F# minor	F#m-Bm-C#m	0.10489215
Gloomy	Aeolian	F# minor	F#m-E-A-E	0.10429317
Gloomy	Aeolian	F# minor	D-A-E-F#m	0.10782500
Gloomy	Aeolian	F# minor	F#m-Bm-F#m-C#m	0.10880583
Gloomy	Aeolian	F# minor	F#m-E-D	0.10793938
Gloomy	Aeolian	F# minor	F#m-C#m-A-D	0.10626338
Gloomy	Dorian	F# minor	F#m-A-B	1.00000000
Gloomy	Harmonic minor	F# minor	Abm7b5-C#7-F#m7	0.31015633
Gloomy	Harmonic minor	F# minor	Bm6-F#maj7	0.31214783
Gloomy	Harmonic minor	F# minor	Bm7-C#7-F#m7	0.30024990
Gloomy	Harmonic minor	F# minor	G#dim-C#-F#m	0.07744595
Gloomy	Phrygian	F# minor	F#m-G-E-F#m	1.00000000
Joyful	Aeolian	Bb	F#maj7-Ab7-Bbmaj7	0.26646503
Joyful	Aeolian	A	Fmaj7-G7-Amaj7	0.26646503
Joyful	Aeolian	C	Abmaj7-Bb7-Cmaj7	0.26646503
Joyful	Aeolian	C	C-Bb-Ab-Bb	0.06686830
Joyful	Aeolian	A	A-G-F-G	0.06686830
Joyful	Aeolian	Bb	Bb-Ab-Gb-Ab	0.06686830
Joyful	Ionian	Bb	F7-Em7b5-Ebm7-Dm7	0.02052905
Joyful	Ionian	A	E7-Ebm7b5-Dm7-Dbm7	0.02052905
Joyful	Ionian	C	G7-F#m7b5-Fm7-Em7	0.02052905
Joyful	Ionian	Bb	F7-Dm7	0.02045923
Joyful	Ionian	A	E7-Dbm7	0.02045923
Joyful	Ionian	C	G7-Em7	0.02045923
Joyful	Ionian	Bb	F7-Gm7	0.02091282
Joyful	Ionian	A	E7-F#m7	0.02091282
Joyful	Ionian	C	G7-Am7	0.02091282
Joyful	Ionian	Bb	F7-Dbmaj7	0.02026180
Joyful	Ionian	A	E7-Cmaj7	0.02026180
Joyful	Ionian	C	G7-Ebmaj7	0.02026180
Joyful	Ionian	Bb	F7-Bmaj7	0.02063359
Joyful	Ionian	A	E7-Bbmaj7	0.02063359
Joyful	Ionian	C	G7-Dbmaj7	0.02063359
Joyful	Ionian	Bb	F7-F#maj7	0.02033449
Joyful	Ionian	A	E7-Fmaj7	0.02033449
Joyful	Ionian	C	G7-Abmaj7	0.02033449
Joyful	Ionian	Bb	G7-F#maj7	0.02077502
Joyful	Ionian	A	F#7-Fmaj7	0.02077502
Joyful	Ionian	C	A7-Abmaj7	0.02077502
Joyful	Ionian	Bb	Cm7-F7-Bbmaj7	0.02096675
Joyful	Ionian	A	Bm7-E7-Amaj7	0.02096675
Joyful	Ionian	C	Dm7-G7-Cmaj7	0.02096675
Joyful	Ionian	Bb	Ebm7-Ab7-Bbmaj7	0.02104889
Joyful	Ionian	A	Dm7-G7-Amaj7	0.02104889
Joyful	Ionian	C	Fm7-Bb7-Cmaj7	0.02104889
Joyful	Ionian	Bb	Ebmaj7-Ebm6-Bbmaj7	0.02082100
Joyful	Ionian	A	Dmaj7-Dm6-Amaj7	0.02082100
Joyful	Ionian	C	Fmaj7-Fm6-Cmaj7	0.02082100
Joyful	Ionian	Bb	Ebmaj7-Bbmaj7	0.02126642
Joyful	Ionian	A	Dmaj7-Amaj7	0.02126642
Joyful	Ionian	C	Fmaj7-Cmaj7	0.02126642
Joyful	Ionian	A	Dmaj7-E7-Amaj7	0.02088297
Joyful	Ionian	Bb	Ebmaj7-F7-Bbmaj7	0.02088297
Joyful	Ionian	C	Fmaj7-G7-Cmaj7	0.02088297
Joyful	Ionian	C	C-G-Am-F	0.00500594
Joyful	Ionian	C	C-G-Am-Dm	0.00048839
Joyful	Ionian	C	F-C-G-Am	0.00086917
Joyful	Ionian	C	C-F-G-C	0.00043931
Joyful	Ionian	C	Am-F-C-G	0.00472601
Joyful	Ionian	C	C-Am-F-G	0.00508603
Joyful	Ionian	C	C-Dm-Em-F	0.00041158
Joyful	Ionian	A	A-E-F#m-D	0.00500594
Joyful	Ionian	A	A-D-E	0.00477381
Joyful	Ionian	A	A-D-F#m-E	0.00350313
Joyful	Ionian	A	F#m-D-A-E	0.00472601
Joyful	Ionian	A	A-E-D-A	0.00216761
Joyful	Ionian	Bb	Gm-Bb-F-Eb	0.00045794
Joyful	Ionian	Bb	Bb-F-Gm-Eb	0.00500594
Joyful	Ionian	Bb	Bb-Eb-F	0.00477381
Joyful	Ionian	Bb	Bb-Eb-Gm-F	0.00350313
Joyful	Ionian	Bb	Gm-Eb-Bb-F	0.00472601
Joyful	Ionian	C	C-F-G-F	0.00549260
Joyful	Ionian	A	A-D-E-D	0.00549260
Joyful	Ionian	Bb	Bb-Eb-F-Eb	0.00549260
Joyful	Ionian	C	C-F-Em-Am	0.00519360
Joyful	Ionian	A	A-D-C#m-F#m	0.00519360
Joyful	Ionian	Bb	Bb-Eb-Dm-Gm	0.00519360
Joyful	Ionian	C	C-E-F-Fm	0.00522309
Joyful	Ionian	A	A-C#-D-Dm	0.00522309
Joyful	Ionian	Bb	Bb-D-Eb-Ebm	0.00522309
Joyful	Ionian	A	A-F#m-D-E	0.00508603
Joyful	Ionian	Bb	Bb-Gm-Eb-F	0.00508603
Joyful	Ionian	C	Dm-G-C	0.00534940
Joyful	Ionian	A	Bm-E-A	0.00534940
Joyful	Ionian	Bb	Cm-F-Bb	0.00534940
Joyful	Ionian	C	C-F-C-G	0.00512337
Joyful	Ionian	A	A-D-A-E	0.00512337
Joyful	Ionian	Bb	Bb-Eb-Bb-F	0.00512337
Joyful	Ionian	C	F-G-C	0.00517869
Joyful	Ionian	A	D-E-A	0.00517869
Joyful	Ionian	Bb	Eb-F-Bb	0.00517869
Joyful	Ionian	C	C-G-Em-F	0.00502159
Joyful	Ionian	A	A-E-C#m-D	0.00502159
Joyful	Ionian	Bb	Bb-F-Dm-Eb	0.00502159
Joyful	Ionian	C	F-C	0.00514221
Joyful	Ionian	A	D-A	0.00514221
Joyful	Ionian	Bb	Eb-Bb	0.00514221
Joyful	Ionian	C	F-Em-Am-D	0.00540237
Joyful	Ionian	A	D-C#m-F#m-B	0.00540237
Joyful	Ionian	Bb	Eb-Dm-Gm-C	0.00540237
Joyful	Ionian	C	Fm-Bb-C	0.00499852
Joyful	Ionian	A	Dm-G-A	0.00499852
Joyful	Ionian	Bb	Ebm-Ab-Bb	0.00499852
Joyful	Ionian	C	C-F-G-Am	0.00532404
Joyful	Ionian	A	A-D-E-F#m	0.00532404
Joyful	Ionian	Bb	Bb-Eb-F-Gm	0.00532404
Joyful	Ionian	C	C-F-Dm-G	0.00504453
Joyful	Ionian	A	A-D-Bm-E	0.00504453
Joyful	Ionian	Bb	Bb-Eb-Cm-F	0.00504453
Joyful	Lydian	C	C-D-G-C	0.33333333
Joyful	Lydian	A	A-B-E-A	0.33333333
Joyful	Lydian	Bb	Bb-C-F-Bb	0.33333333
Joyful	Mixolydian	Bb	F7-Abmaj7	0.22279721
Joyful	Mixolydian	A	E7-Gmaj7	0.22279721
Joyful	Mixolydian	C	G7-Bbmaj7	0.22279721
Joyful	Mixolydian	C	C-Bb-F	0.05704249
Joyful	Mixolydian	A	A-G-D	0.05704249
Joyful	Mixolydian	Bb	Bb-Ab-Eb	0.05704249
Joyful	Mixolydian	C	C-Gm-Bb-F	0.05349363
Joyful	Mixolydian	A	A-Em-G-D	0.05349363
Joyful	Mixolydian	Bb	Bb-Fm-Ab-Eb	0.05349363
Lonely	Aeolian	D minor	Dm-C-Bb-C	0.04861052
Lonely	Aeolian	D minor	Dm-Bb-F-C	0.03076788
Lonely	Aeolian	D minor	Dm-Gm-C-F	0.02140765
Lonely	Aeolian	D minor	Bb-C-Dm	0.04370529
Lonely	Aeolian	D minor	Dm-Am-C-Bb	0.02863578
Lonely	Aeolian	B minor	Bm-A-G-A	0.04861052
Lonely	Aeolian	B minor	Bm-G-D-A	0.03076788
Lonely	Aeolian	B minor	G-A-Bm	0.04370529
Lonely	Aeolian	B minor	Bm-Em-A	0.01298895
Lonely	Aeolian	B minor	Bm-F#m-A-G	0.02863578
Lonely	Aeolian	D minor	Dm-Gm-Am	0.04655527
Lonely	Aeolian	B minor	Bm-Em-F#m	0.04655527
Lonely	Aeolian	D minor	Dm-C-F-C	0.04628942
Lonely	Aeolian	B minor	Bm-A-D-A	0.04628942
Lonely	Aeolian	D minor	Bb-F-C-Dm	0.04785698
Lonely	Aeolian	B minor	G-D-A-Bm	0.04785698
Lonely	Aeolian	D minor	Dm-Gm-Dm-Am	0.04829232
Lonely	Aeolian	B minor	Bm-Em-Bm-F#m	0.04829232
Lonely	Aeolian	D minor	Dm-C-Bb	0.04790775
Lonely	Aeolian	B minor	Bm-A-G	0.04790775
Lonely	Aeolian	D minor	Dm-Bb-C	0.04701662
Lonely	Aeolian	B minor	Bm-G-A	0.04701662
Lonely	Aeolian	D minor	Dm-Am-F-Bb	0.04716388
Lonely	Aeolian	B minor	Bm-F#m-D-G	0.04716388
Lonely	Dorian	D minor	Dm-F-G	0.50000000
Lonely	Dorian	B minor	Bm-D-E	0.50000000
Lonely	Harmonic minor	B minor	C#m7b5-F#7-Bm7	0.15476306
Lonely	Harmonic minor	D minor	Em7b5-A7-Dm7	0.15476306
Lonely	Harmonic minor	B minor	Em6-Bmaj7	0.15835817
Lonely	Harmonic minor	D minor	Gm6-Dmaj7	0.15835817
Lonely	Harmonic minor	B minor	Em7-F#7-Bm7	0.14833423
Lonely	Harmonic minor	D minor	Gm7-A7-Dm7	0.14833423
Lonely	Harmonic minor	D minor	Edim-A-Dm	0.03854454
Lonely	Harmonic minor	B minor	C#dim-F#-Bm	0.03854454
Lonely	Phrygian	D minor	Dm-Eb-C-Dm	0.50000000
Lonely	Phrygian	B minor	Bm-C-A-Bm	0.50000000
Love	Aeolian	Eb	Bmaj7-Db7-Ebmaj7	0.79939510
Love	Aeolian	Eb	Eb-Db-B-Db	0.20060490
Love	Ionian	Eb	Bb7-Am7b5-Abm7-Gm7	0.06130120
Love	Ionian	Eb	Bb7-Gm7	0.06109270
Love	Ionian	Eb	Bb7-Cm7	0.06244714
Love	Ionian	Eb	Bb7-F#maj7	0.06050317
Love	Ionian	Eb	Bb7-Emaj7	0.06161337
Love	Ionian	Eb	Bb7-Bmaj7	0.06072022
Love	Ionian	Eb	C7-Bmaj7	0.06203568
Love	Ionian	Eb	Fm7-Bb7-Ebmaj7	0.06260820
Love	Ionian	Eb	Abm7-Db7-Ebmaj7	0.06285347
Love	Ionian	Eb	Abmaj7-Abm6-Ebmaj7	0.06217299
Love	Ionian	Eb	Abmaj7-Ebmaj7	0.06350304
Love	Ionian	Eb	Abmaj7-Bb7-Ebmaj7	0.06235803
Love	Ionian	Eb	Eb-Ab	0.00121617
Love	Ionian	Eb	Eb-Bb-Cm-Ab	0.01494808
Love	Ionian	Eb	Eb-Ab-Bb	0.01425494
Love	Ionian	Eb	Cm-Ab-Eb-Bb	0.01411220
Love	Ionian	Eb	Eb-Ab-Cm-Bb	0.01046061
Love	Ionian	Eb	Eb-Ab-Bb-Ab	0.01640129
Love	Ionian	Eb	Eb-Ab-Gm-Cm	0.01550845
Love	Ionian	Eb	Eb-G-Ab-Abm	0.01559651
Love	Ionian	Eb	Eb-Cm-Ab-Bb	0.01518725
Love	Ionian	Eb	Fm-Bb-Eb	0.01597368
Love	Ionian	Eb	Eb-Ab-Eb-Bb	0.01529876
Love	Ionian	Eb	Ab-Bb-Eb	0.01546395
Love	Ionian	Eb	Eb-Bb-Gm-Ab	0.01499482
Love	Ionian	Eb	Ab-Eb	0.01535499
Love	Ionian	Eb	Ab-Gm-Cm-F	0.01613187
Love	Ionian	Eb	Abm-Db-Eb	0.01492594
Love	Ionian	Eb	Eb-Ab-Bb-Cm	0.01589795
Love	Ionian	Eb	Eb-Ab-Fm-Bb	0.01506333
Love	Lydian	Eb	Eb-F-Bb-Eb	1.00000000
Love	Mixolydian	Eb	Bb7-Dbmaj7	0.67555220
Love	Mixolydian	Eb	Eb-Db-Ab	0.16766381
Love	Mixolydian	Eb	Eb-Bbm-Db-Ab	0.15678399
Uneasiness	Aeolian	G minor	Gm-F-Eb-F	0.09804647
Uneasiness	Aeolian	G minor	Gm-Eb-Bb-F	0.06205821
Uneasiness	Aeolian	G minor	Gm-Cm-F	0.02619845
Uneasiness	Aeolian	G minor	Eb-F-Gm	0.08815270
Uneasiness	Aeolian	G minor	Gm-Dm-F-Eb	0.05775780
Uneasiness	Aeolian	G minor	Gm-Cm-Dm	0.09390106
Uneasiness	Aeolian	G minor	Gm-F-Bb-F	0.09336485
Uneasiness	Aeolian	G minor	Eb-Bb-F-Gm	0.09652659
Uneasiness	Aeolian	G minor	Gm-Cm-Gm-Dm	0.09740465
Uneasiness	Aeolian	G minor	Gm-F-Eb	0.09662899
Uneasiness	Aeolian	G minor	Gm-Eb-F	0.09483160
Uneasiness	Aeolian	G minor	Gm-Dm-Bb-Eb	0.09512861
Uneasiness	Dorian	G minor	Gm-Bb-C	1.00000000
Uneasiness	Harmonic minor	G minor	Am7b5-D7-Gm7	0.31058886
Uneasiness	Harmonic minor	G minor	Cm6-Gmaj7	0.31989217
Uneasiness	Harmonic minor	G minor	Cm7-D7-Gm7	0.29286179
Uneasiness	Harmonic minor	G minor	Adim-D-Gm	0.07665719
Uneasiness	Phrygian	G minor	Gm-Ab-F-Gm	1.00000000
Victorious	Aeolian	F#	Dmaj7-E7-F#maj7	0.79939510
Victorious	Aeolian	F#	F#-E-D-E	0.20060490
Victorious	Ionian	F#	Db7-Cm7b5-Bm7-Bbm7	0.06098066
Victorious	Ionian	F#	Db7-Bbm7	0.06077325
Victorious	Ionian	F#	Db7-Ebm7	0.06212061
Victorious	Ionian	F#	Db7-Amaj7	0.06018680
Victorious	Ionian	F#	Db7-Gmaj7	0.06129120
Victorious	Ionian	F#	Db7-Dmaj7	0.06040271
Victorious	Ionian	F#	Eb7-Dmaj7	0.06171130
Victorious	Ionian	F#	Abm7-Db7-F#maj7	0.06228082
Victorious	Ionian	F#	Bm7-E7-F#maj7	0.06252481
Victorious	Ionian	F#	Bmaj7-Bm6-F#maj7	0.06184789
Victorious	Ionian	F#	Bmaj7-F#maj7	0.06317099
Victorious	Ionian	F#	Bmaj7-Db7-F#maj7	0.06203196
Victorious	Ionian	F#	F#-C#-D#m-B	0.01486992
Victorious	Ionian	F#	F#-B-C#	0.01418040
Victorious	Ionian	F#	F#-B-D#m-C#	0.01040591
Victorious	Ionian	F#	D#m-B-F#-C#	0.01403840
Victorious	Ionian	F#	F#-C#-B-F#	0.00643878
Victorious	Ionian	F#	F#-B-C#-B	0.01631553
Victorious	Ionian	F#	F#-B-A#m-D#m	0.01542736
Victorious	Ionian	F#	F#-A#-B-Bm	0.01551495
Victorious	Ionian	F#	F#-D#m-B-C#	0.01510783
Victorious	Ionian	F#	G#m-C#-F#	0.01589016
Victorious	Ionian	F#	F#-B-F#-C#	0.01521876
Victorious	Ionian	F#	B-C#-F#	0.01538308
Victorious	Ionian	F#	F#-C#-A#m-B	0.01491642
Victorious	Ionian	F#	B-F#	0.01527470
Victorious	Ionian	F#	B-A#m-D#m-G#	0.01604752
Victorious	Ionian	F#	Bm-E-F#	0.01484789
Victorious	Ionian	F#	F#-B-C#-D#m	0.01581482
Victorious	Ionian	F#	F#-B-G#m-C#	0.01498456
Victorious	Lydian	F#	F#-G#-C#-F#	1.00000000
Victorious	Mixolydian	F#	Db7-Emaj7	0.66816167
Victorious	Mixolydian	F#	F#-E-B	0.16958172
Victorious	Mixolydian	F#	F#-C#m-E-B	0.16225661
Vital	Aeolian	E	Cmaj7-D7-Emaj7	0.79939510
Vital	Aeolian	E	E-D-C-D	0.20060490
Vital	Ionian	E	B7-Bbm7b5-Am7-Abm7	0.06201365
Vital	Ionian	E	B7-Abm7	0.06180273
Vital	Ionian	E	B7-Dbm7	0.06317291
Vital	Ionian	E	B7-Gmaj7	0.06120635
Vital	Ionian	E	B7-Fmaj7	0.06232945
Vital	Ionian	E	B7-Cmaj7	0.06142591
Vital	Ionian	E	Db7-Cmaj7	0.06275667
Vital	Ionian	E	F#m7-B7-Emaj7	0.06333584
Vital	Ionian	E	Am7-D7-Emaj7	0.06358396
Vital	Ionian	E	Amaj7-Am6-Emaj7	0.06289557
Vital	Ionian	E	Amaj7-Emaj7	0.06424108
Vital	Ionian	E	Amaj7-B7-Emaj7	0.06308276
Vital	Ionian	E	C#m-F#-B-E	0.00125884
Vital	Ionian	E	A-E-B-C#m	0.00262555
Vital	Ionian	E	E-B-C#m-A	0.01512181
Vital	Ionian	E	E-A-B	0.01442061
Vital	Ionian	E	E-A-C#m-B	0.01058218
Vital	Ionian	E	E-A-B-A	0.01659191
Vital	Ionian	E	E-A-G#m-C#m	0.01568869
Vital	Ionian	E	E-G#-A-Am	0.01577777
Vital	Ionian	E	E-C#m-A-B	0.01536376
Vital	Ionian	E	F#m-B-E	0.01615933
Vital	Ionian	E	E-A-E-B	0.01547656
Vital	Ionian	E	A-B-E	0.01564367
Vital	Ionian	E	E-B-G#m-A	0.01516910
Vital	Ionian	E	A-E	0.01553345
Vital	Ionian	E	A-G#m-C#m-F#	0.01631936
Vital	Ionian	E	Am-D-E	0.01509941
Vital	Ionian	E	E-A-B-C#m	0.01608272
Vital	Ionian	E	E-A-F#m-B	0.01523840
Vital	Lydian	E	E-F#-B-E	1.00000000
Vital	Mixolydian	E	B7-Dmaj7	0.66511969
Vital	Mixolydian	E	E-D-A	0.17576258
Vital	Mixolydian	E	E-Bm-D-A	0.15911773
soft	Aeolian	F	Dbmaj7-Eb7-Fmaj7	0.26208989
soft	Aeolian	A minor	Am-F-C-G	0.04101533
soft	Aeolian	A minor	Am-G-F-G	0.06480059
soft	Aeolian	A minor	F-G-Am	0.05826163
soft	Aeolian	A minor	Am-Dm-G-C	0.02853761
soft	Aeolian	A minor	Am-Em-G-F	0.03817312
soft	Aeolian	F	F-Eb-Db-Eb	0.06577037
soft	Aeolian	A minor	Am-Dm-Em	0.06206082
soft	Aeolian	A minor	Am-G-C-G	0.06170643
soft	Aeolian	A minor	F-C-G-Am	0.06379608
soft	Aeolian	A minor	Am-Dm-Am-Em	0.06437640
soft	Aeolian	A minor	Am-G-F	0.06386376
soft	Aeolian	A minor	Am-F-G	0.06267583
soft	Aeolian	A minor	Am-Em-C-F	0.06287213
soft	Dorian	A minor	Am-C-D	1.00000000
soft	Harmonic minor	A minor	Bm7b5-E7-Am7	0.30444164
soft	Harmonic minor	A minor	Dm6-Amaj7	0.30750726
soft	Harmonic minor	A minor	Dm7-E7-Am7	0.29312979
soft	Harmonic minor	A minor	Am-G-F-E	0.01765735
soft	Harmonic minor	A minor	Bdim-E-Am	0.07726397
soft	Ionian	F	C7-Bm7b5-Bbm7-Am7	0.06130289
soft	Ionian	F	C7-Am7	0.06109438
soft	Ionian	F	C7-Dm7	0.06244886
soft	Ionian	F	C7-Abmaj7	0.06050483
soft	Ionian	F	C7-F#maj7	0.06161506
soft	Ionian	F	C7-Dbmaj7	0.06072188
soft	Ionian	F	D7-Dbmaj7	0.06203738
soft	Ionian	F	Gm7-C7-Fmaj7	0.06260992
soft	Ionian	F	Bbm7-Eb7-Fmaj7	0.06285519
soft	Ionian	F	Bbmaj7-Bbm6-Fmaj7	0.06217469
soft	Ionian	F	Bbmaj7-Fmaj7	0.06350479
soft	Ionian	F	Bbmaj7-C7-Fmaj7	0.06235974
soft	Ionian	F	Dm-Bb-F	0.00118877
soft	Ionian	F	Dm-Bb-F-C	0.01411258
soft	Ionian	F	F-Bb-C	0.01425533
soft	Ionian	F	F-C-Dm-Bb	0.01494849
soft	Ionian	F	F-Bb-Dm-C	0.01046089
soft	Ionian	F	F-Bb-C-Bb	0.01640174
soft	Ionian	F	F-Bb-Am-Dm	0.01550887
soft	Ionian	F	F-A-Bb-Bbm	0.01559693
soft	Ionian	F	F-Dm-Bb-C	0.01518766
soft	Ionian	F	Gm-C-F	0.01597412
soft	Ionian	F	F-Bb-F-C	0.01529918
soft	Ionian	F	Bb-C-F	0.01546437
soft	Ionian	F	F-C-Am-Bb	0.01499524
soft	Ionian	F	Bb-F	0.01535541
soft	Ionian	F	Bb-Am-Dm-G	0.01613232
soft	Ionian	F	Bbm-Eb-F	0.01492635
soft	Ionian	F	F-Bb-C-Dm	0.01589839
soft	Ionian	F	F-Bb-Gm-C	0.01506374
soft	Lydian	F	F-G-C-F	1.00000000
soft	Mixolydian	F	C7-Ebmaj7	0.65670075
soft	Mixolydian	F	F-Eb-Bb	0.17853828
soft	Mixolydian	F	F-Cm-Eb-Bb	0.16476097
soft	Phrygian	A minor	Am-Bb-G-Am	1.00000000
