emotion	scale	emotion_id	scale_id	prog_id	key	chord_name
Joyful	Ionian	3	3	34	A	Bm7-E7-Amaj7
Joyful	Ionian	3	3	34	Ab	Bbm7-Eb7-Abmaj7
Joyful	Ionian	3	3	34	B	Dbm7-F#7-Bmaj7
Joyful	Ionian	3	3	34	Bb	Cm7-F7-Bbmaj7
Joyful	Ionian	3	3	34	C	Dm7-G7-Cmaj7
Joyful	Ionian	3	3	34	D	Em7-A7-Dmaj7
Joyful	Ionian	3	3	34	Db	Ebm7-Ab7-Dbmaj7
Joyful	Ionian	3	3	34	E	F#m7-B7-Emaj7
Joyful	Ionian	3	3	34	Eb	Fm7-Bb7-Ebmaj7
Joyful	Ionian	3	3	34	F	Gm7-C7-Fmaj7
Joyful	Ionian	3	3	34	F#	Abm7-Db7-F#maj7
Joyful	Ionian	3	3	34	G	Am7-D7-Gmaj7
Despair	Harmonic minor	1	2	35	A minor	Bm7b5-E7-Am7
Despair	Harmonic minor	1	2	35	Ab minor	Bbm7b5-Eb7-Abm7
Despair	Harmonic minor	1	2	35	B minor	C#m7b5-F#7-Bm7
Despair	Harmonic minor	1	2	35	Bb minor	Cm7b5-F7-Bbm7
Despair	Harmonic minor	1	2	35	C minor	Dm7b5-G7-Cm7
Despair	Harmonic minor	1	2	35	C# minor	Ebm7b5-Ab7-C#m7
Despair	Harmonic minor	1	2	35	D minor	Em7b5-A7-Dm7
Despair	Harmonic minor	1	2	35	E minor	F#m7b5-B7-Em7
Despair	Harmonic minor	1	2	35	Eb minor	Fm7b5-Bb7-Ebm7
Despair	Harmonic minor	1	2	35	F minor	Gm7b5-C7-Fm7
Despair	Harmonic minor	1	2	35	F# minor	Abm7b5-C#7-F#m7
Despair	Harmonic minor	1	2	35	G minor	Am7b5-D7-Gm7
Depressive	Harmonic minor	0	2	41	A minor	Dm6-Amaj7
Depressive	Harmonic minor	0	2	41	Ab minor	C#m6-Abmaj7
Depressive	Harmonic minor	0	2	41	B minor	Em6-Bmaj7
Depressive	Harmonic minor	0	2	41	Bb minor	Ebm6-Bbmaj7
Depressive	Harmonic minor	0	2	41	C minor	Fm6-Cmaj7
Depressive	Harmonic minor	0	2	41	C# minor	F#m6-C#maj7
Depressive	Harmonic minor	0	2	41	D minor	Gm6-Dmaj7
Depressive	Harmonic minor	0	2	41	E minor	Am6-Emaj7
Depressive	Harmonic minor	0	2	41	Eb minor	Abm6-Ebmaj7
Depressive	Harmonic minor	0	2	41	F minor	Bbm6-Fmaj7
Depressive	Harmonic minor	0	2	41	F# minor	Bm6-F#maj7
Depressive	Harmonic minor	0	2	41	G minor	Cm6-Gmaj7
Depressive	Harmonic minor	0	2	42	A minor	Dm7-E7-Am7
Depressive	Harmonic minor	0	2	42	Ab minor	C#m7-Eb7-Abm7
Depressive	Harmonic minor	0	2	42	B minor	Em7-F#7-Bm7
Depressive	Harmonic minor	0	2	42	Bb minor	Ebm7-F7-Bbm7
Depressive	Harmonic minor	0	2	42	C minor	Fm7-G7-Cm7
Depressive	Harmonic minor	0	2	42	C# minor	F#m7-Ab7-C#m7
Depressive	Harmonic minor	0	2	42	D minor	Gm7-A7-Dm7
Depressive	Harmonic minor	0	2	42	E minor	Am7-B7-Em7
Depressive	Harmonic minor	0	2	42	Eb minor	Abm7-Bb7-Ebm7
Depressive	Harmonic minor	0	2	42	F minor	Bbm7-C7-Fm7
Depressive	Harmonic minor	0	2	42	F# minor	Bm7-C#7-F#m7
Depressive	Harmonic minor	0	2	42	G minor	Cm7-D7-Gm7
Joyful	Ionian	3	3	43	A	Dm7-G7-Amaj7
Joyful	Ionian	3	3	43	Ab	Dbm7-F#7-Abmaj7
Joyful	Ionian	3	3	43	B	Em7-A7-Bmaj7
Joyful	Ionian	3	3	43	Bb	Ebm7-Ab7-Bbmaj7
Joyful	Ionian	3	3	43	C	Fm7-Bb7-Cmaj7
Joyful	Ionian	3	3	43	D	Gm7-C7-Dmaj7
Joyful	Ionian	3	3	43	Db	F#m7-B7-Dbmaj7
Joyful	Ionian	3	3	43	E	Am7-D7-Emaj7
Joyful	Ionian	3	3	43	Eb	Abm7-Db7-Ebmaj7
Joyful	Ionian	3	3	43	F	Bbm7-Eb7-Fmaj7
Joyful	Ionian	3	3	43	F#	Bm7-E7-F#maj7
Joyful	Ionian	3	3	43	G	Cm7-F7-Gmaj7
Joyful	Ionian	3	3	44	A	Dmaj7-Dm6-Amaj7
Joyful	Ionian	3	3	44	Ab	Dbmaj7-Dbm6-Abmaj7
Joyful	Ionian	3	3	44	B	Emaj7-Em6-Bmaj7
Joyful	Ionian	3	3	44	Bb	Ebmaj7-Ebm6-Bbmaj7
Joyful	Ionian	3	3	44	C	Fmaj7-Fm6-Cmaj7
Joyful	Ionian	3	3	44	D	Gmaj7-Gm6-Dmaj7
Joyful	Ionian	3	3	44	Db	F#maj7-F#m6-Dbmaj7
Joyful	Ionian	3	3	44	E	Amaj7-Am6-Emaj7
Joyful	Ionian	3	3	44	Eb	Abmaj7-Abm6-Ebmaj7
Joyful	Ionian	3	3	44	F	Bbmaj7-Bbm6-Fmaj7
Joyful	Ionian	3	3	44	F#	Bmaj7-Bm6-F#maj7
Joyful	Ionian	3	3	44	G	Cmaj7-Cm6-Gmaj7
Joyful	Ionian	3	3	45	A	Dmaj7-Amaj7
Joyful	Ionian	3	3	45	Ab	Dbmaj7-Abmaj7
Joyful	Ionian	3	3	45	B	Emaj7-Bmaj7
Joyful	Ionian	3	3	45	Bb	Ebmaj7-Bbmaj7
Joyful	Ionian	3	3	45	C	Fmaj7-Cmaj7
Joyful	Ionian	3	3	45	D	Gmaj7-Dmaj7
Joyful	Ionian	3	3	45	Db	F#maj7-Dbmaj7
Joyful	Ionian	3	3	45	E	Amaj7-Emaj7
Joyful	Ionian	3	3	45	Eb	Abmaj7-Ebmaj7
Joyful	Ionian	3	3	45	F	Bbmaj7-Fmaj7
Joyful	Ionian	3	3	45	F#	Bmaj7-F#maj7
Joyful	Ionian	3	3	45	G	Cmaj7-Gmaj7
Vital	Ionian	5	3	46	A	Dmaj7-E7-Amaj7
Vital	Ionian	5	3	46	Ab	Dbmaj7-Eb7-Abmaj7
Vital	Ionian	5	3	46	B	Emaj7-F#7-Bmaj7
Vital	Ionian	5	3	46	Bb	Ebmaj7-F7-Bbmaj7
Vital	Ionian	5	3	46	C	Fmaj7-G7-Cmaj7
Vital	Ionian	5	3	46	D	Gmaj7-A7-Dmaj7
Vital	Ionian	5	3	46	Db	F#maj7-Ab7-Dbmaj7
Vital	Ionian	5	3	46	E	Amaj7-B7-Emaj7
Vital	Ionian	5	3	46	Eb	Abmaj7-Bb7-Ebmaj7
Vital	Ionian	5	3	46	F	Bbmaj7-C7-Fmaj7
Vital	Ionian	5	3	46	F#	Bmaj7-Db7-F#maj7
Vital	Ionian	5	3	46	G	Cmaj7-D7-Gmaj7
Despair	Harmonic minor	1	2	47	A	Bb7-Am7
Despair	Harmonic minor	1	2	47	Ab	A7-Abm7
Despair	Harmonic minor	1	2	47	B	C7-Bm7
Despair	Harmonic minor	1	2	47	Bb	B7-Bbm7
Despair	Harmonic minor	1	2	47	C	Db7-Cm7
Despair	Harmonic minor	1	2	47	D	Eb7-Dm7
Despair	Harmonic minor	1	2	47	Db	D7-Dbm7
Despair	Harmonic minor	1	2	47	E	F7-Em7
Despair	Harmonic minor	1	2	47	Eb	E7-Ebm7
Despair	Harmonic minor	1	2	47	F	F#7-Fm7
Despair	Harmonic minor	1	2	47	F#	G7-F#m7
Despair	Harmonic minor	1	2	47	G	Ab7-Gm7
Joyful	Ionian	3	3	48	A	Bb7-Amaj7
Joyful	Ionian	3	3	48	Ab	A7-Abmaj7
Joyful	Ionian	3	3	48	B	C7-Bmaj7
Joyful	Ionian	3	3	48	Bb	B7-Bbmaj7
Joyful	Ionian	3	3	48	C	Db7-Cmaj7
Joyful	Ionian	3	3	48	D	Eb7-Dmaj7
Joyful	Ionian	3	3	48	Db	D7-Dbmaj7
Joyful	Ionian	3	3	48	E	F7-Emaj7
Joyful	Ionian	3	3	48	Eb	E7-Ebmaj7
Joyful	Ionian	3	3	48	F	F#7-Fmaj7
Joyful	Ionian	3	3	48	F#	G7-F#maj7
Joyful	Ionian	3	3	48	G	Ab7-Gmaj7
Depressive	Ionian	0	3	49	A	C7-Fmaj7
Depressive	Ionian	0	3	49	Ab	B7-Emaj7
Depressive	Ionian	0	3	49	B	D7-Gmaj7
Depressive	Ionian	0	3	49	Bb	Db7-F#maj7
Depressive	Ionian	0	3	49	C	Eb7-Abmaj7
Depressive	Ionian	0	3	49	D	F7-Bbmaj7
Depressive	Ionian	0	3	49	Db	E7-Amaj7
Depressive	Ionian	0	3	49	E	G7-Cmaj7
Depressive	Ionian	0	3	49	Eb	F#7-Bmaj7
Depressive	Ionian	0	3	49	F	Ab7-Dbmaj7
Depressive	Ionian	0	3	49	F#	A7-Dmaj7
Depressive	Ionian	0	3	49	G	Bb7-Ebmaj7
Uneasiness	Ionian	4	3	50	A	F7-Bbmaj7
Uneasiness	Ionian	4	3	50	Ab	E7-Amaj7
Uneasiness	Ionian	4	3	50	B	G7-Cmaj7
Uneasiness	Ionian	4	3	50	Bb	F#7-Bmaj7
Uneasiness	Ionian	4	3	50	C	Ab7-Dbmaj7
Uneasiness	Ionian	4	3	50	D	Bb7-Ebmaj7
Uneasiness	Ionian	4	3	50	Db	A7-Dmaj7
Uneasiness	Ionian	4	3	50	E	C7-Fmaj7
Uneasiness	Ionian	4	3	50	Eb	B7-Emaj7
Uneasiness	Ionian	4	3	50	F	Db7-F#maj7
Uneasiness	Ionian	4	3	50	F#	D7-Gmaj7
Uneasiness	Ionian	4	3	50	G	Eb7-Abmaj7
Uneasiness	Ionian	4	3	52	A	E7-Ebm7b5-Dm7-Dbm7
Uneasiness	Ionian	4	3	52	Ab	Eb7-Dm7b5-Dbm7-Cm7
Uneasiness	Ionian	4	3	52	B	F#7-Fm7b5-Em7-Ebm7
Uneasiness	Ionian	4	3	52	Bb	F7-Em7b5-Ebm7-Dm7
Uneasiness	Ionian	4	3	52	C	G7-F#m7b5-Fm7-Em7
Uneasiness	Ionian	4	3	52	D	A7-Abm7b5-Gm7-F#m7
Uneasiness	Ionian	4	3	52	Db	Ab7-Gm7b5-F#m7-Fm7
Uneasiness	Ionian	4	3	52	E	B7-Bbm7b5-Am7-Abm7
Uneasiness	Ionian	4	3	52	Eb	Bb7-Am7b5-Abm7-Gm7
Uneasiness	Ionian	4	3	52	F	C7-Bm7b5-Bbm7-Am7
Uneasiness	Ionian	4	3	52	F#	Db7-Cm7b5-Bm7-Bbm7
Uneasiness	Ionian	4	3	52	G	D7-Dbm7b5-Cm7-Bm7
Uneasiness	Ionian	4	3	53	A	E7-Dbm7
Uneasiness	Ionian	4	3	53	Ab	Eb7-Cm7
Uneasiness	Ionian	4	3	53	B	F#7-Ebm7
Uneasiness	Ionian	4	3	53	Bb	F7-Dm7
Uneasiness	Ionian	4	3	53	C	G7-Em7
Uneasiness	Ionian	4	3	53	D	A7-F#m7
Uneasiness	Ionian	4	3	53	Db	Ab7-Fm7
Uneasiness	Ionian	4	3	53	E	B7-Abm7
Uneasiness	Ionian	4	3	53	Eb	Bb7-Gm7
Uneasiness	Ionian	4	3	53	F	C7-Am7
Uneasiness	Ionian	4	3	53	F#	Db7-Bbm7
Uneasiness	Ionian	4	3	53	G	D7-Bm7
Joyful	Ionian	3	3	54	A	E7-F#m7
Joyful	Ionian	3	3	54	Ab	Eb7-Fm7
Joyful	Ionian	3	3	54	B	F#7-Abm7
Joyful	Ionian	3	3	54	Bb	F7-Gm7
Joyful	Ionian	3	3	54	C	G7-Am7
Joyful	Ionian	3	3	54	D	A7-Bm7
Joyful	Ionian	3	3	54	Db	Ab7-Bbm7
Joyful	Ionian	3	3	54	E	B7-Dbm7
Joyful	Ionian	3	3	54	Eb	Bb7-Cm7
Joyful	Ionian	3	3	54	F	C7-Dm7
Joyful	Ionian	3	3	54	F#	Db7-Ebm7
Joyful	Ionian	3	3	54	G	D7-Em7
Uneasiness	Ionian	4	3	55	A	E7-Cmaj7
Uneasiness	Ionian	4	3	55	Ab	Eb7-Bmaj7
Uneasiness	Ionian	4	3	55	B	F#7-Dmaj7
Uneasiness	Ionian	4	3	55	Bb	F7-Dbmaj7
Uneasiness	Ionian	4	3	55	C	G7-Ebmaj7
Uneasiness	Ionian	4	3	55	D	A7-Fmaj7
Uneasiness	Ionian	4	3	55	Db	Ab7-Emaj7
Uneasiness	Ionian	4	3	55	E	B7-Gmaj7
Uneasiness	Ionian	4	3	55	Eb	Bb7-F#maj7
Uneasiness	Ionian	4	3	55	F	C7-Abmaj7
Uneasiness	Ionian	4	3	55	F#	Db7-Amaj7
Uneasiness	Ionian	4	3	55	G	D7-Bbmaj7
Uneasiness	Ionian	4	3	56	A	E7-Bbmaj7
Uneasiness	Ionian	4	3	56	Ab	Eb7-Amaj7
Uneasiness	Ionian	4	3	56	B	F#7-Cmaj7
Uneasiness	Ionian	4	3	56	Bb	F7-Bmaj7
Uneasiness	Ionian	4	3	56	C	G7-Dbmaj7
Uneasiness	Ionian	4	3	56	D	A7-Ebmaj7
Uneasiness	Ionian	4	3	56	Db	Ab7-Dmaj7
Uneasiness	Ionian	4	3	56	E	B7-Fmaj7
Uneasiness	Ionian	4	3	56	Eb	Bb7-Emaj7
Uneasiness	Ionian	4	3	56	F	C7-F#maj7
Uneasiness	Ionian	4	3	56	F#	Db7-Gmaj7
Uneasiness	Ionian	4	3	56	G	D7-Abmaj7
Epic	Mixolydian	2	5	57	A	E7-Gmaj7
Epic	Mixolydian	2	5	57	Ab	Eb7-F#maj7
Epic	Mixolydian	2	5	57	B	F#7-Amaj7
Epic	Mixolydian	2	5	57	Bb	F7-Abmaj7
Epic	Mixolydian	2	5	57	C	G7-Bbmaj7
Epic	Mixolydian	2	5	57	D	A7-Cmaj7
Epic	Mixolydian	2	5	57	Db	Ab7-Bmaj7
Epic	Mixolydian	2	5	57	E	B7-Dmaj7
Epic	Mixolydian	2	5	57	Eb	Bb7-Dbmaj7
Epic	Mixolydian	2	5	57	F	C7-Ebmaj7
Epic	Mixolydian	2	5	57	F#	Db7-Emaj7
Epic	Mixolydian	2	5	57	G	D7-Fmaj7
Depressive	Ionian	0	3	58	A	E7-Fmaj7
Depressive	Ionian	0	3	58	Ab	Eb7-Emaj7
Depressive	Ionian	0	3	58	B	F#7-Gmaj7
Depressive	Ionian	0	3	58	Bb	F7-F#maj7
Depressive	Ionian	0	3	58	C	G7-Abmaj7
Depressive	Ionian	0	3	58	D	A7-Bbmaj7
Depressive	Ionian	0	3	58	Db	Ab7-Amaj7
Depressive	Ionian	0	3	58	E	B7-Cmaj7
Depressive	Ionian	0	3	58	Eb	Bb7-Bmaj7
Depressive	Ionian	0	3	58	F	C7-Dbmaj7
Depressive	Ionian	0	3	58	F#	Db7-Dmaj7
Depressive	Ionian	0	3	58	G	D7-Ebmaj7
Depressive	Ionian	0	3	59	A	F#7-Fmaj7
Depressive	Ionian	0	3	59	Ab	F7-Emaj7
Depressive	Ionian	0	3	59	B	Ab7-Gmaj7
Depressive	Ionian	0	3	59	Bb	G7-F#maj7
Depressive	Ionian	0	3	59	C	A7-Abmaj7
Depressive	Ionian	0	3	59	D	B7-Bbmaj7
Depressive	Ionian	0	3	59	Db	Bb7-Amaj7
Depressive	Ionian	0	3	59	E	Db7-Cmaj7
Depressive	Ionian	0	3	59	Eb	C7-Bmaj7
Depressive	Ionian	0	3	59	F	D7-Dbmaj7
Depressive	Ionian	0	3	59	F#	Eb7-Dmaj7
Depressive	Ionian	0	3	59	G	E7-Ebmaj7
Epic	Ionian	2	3	60	A	Ab7-Gmaj7
Epic	Ionian	2	3	60	Ab	G7-F#maj7
Epic	Ionian	2	3	60	B	Bb7-Amaj7
Epic	Ionian	2	3	60	Bb	A7-Abmaj7
Epic	Ionian	2	3	60	C	B7-Bbmaj7
Epic	Ionian	2	3	60	D	Db7-Cmaj7
Epic	Ionian	2	3	60	Db	C7-Bmaj7
Epic	Ionian	2	3	60	E	Eb7-Dmaj7
Epic	Ionian	2	3	60	Eb	D7-Dbmaj7
Epic	Ionian	2	3	60	F	E7-Ebmaj7
Epic	Ionian	2	3	60	F#	F7-Emaj7
Epic	Ionian	2	3	60	G	F#7-Fmaj7
Uneasiness	Ionian	4	3	61	A	B7-Bbmaj7
Uneasiness	Ionian	4	3	61	Ab	Bb7-Amaj7
Uneasiness	Ionian	4	3	61	B	Db7-Cmaj7
Uneasiness	Ionian	4	3	61	Bb	C7-Bmaj7
Uneasiness	Ionian	4	3	61	C	D7-Dbmaj7
Uneasiness	Ionian	4	3	61	D	E7-Ebmaj7
Uneasiness	Ionian	4	3	61	Db	Eb7-Dmaj7
Uneasiness	Ionian	4	3	61	E	F#7-Fmaj7
Uneasiness	Ionian	4	3	61	Eb	F7-Emaj7
Uneasiness	Ionian	4	3	61	F	G7-F#maj7
Uneasiness	Ionian	4	3	61	F#	Ab7-Gmaj7
Uneasiness	Ionian	4	3	61	G	A7-Abmaj7
Uneasiness	Ionian	4	3	62	A	Db7-Cmaj7
Uneasiness	Ionian	4	3	62	Ab	C7-Bmaj7
Uneasiness	Ionian	4	3	62	B	Eb7-Dmaj7
Uneasiness	Ionian	4	3	62	Bb	D7-Dbmaj7
Uneasiness	Ionian	4	3	62	C	E7-Ebmaj7
Uneasiness	Ionian	4	3	62	D	F#7-Fmaj7
Uneasiness	Ionian	4	3	62	Db	F7-Emaj7
Uneasiness	Ionian	4	3	62	E	Ab7-Gmaj7
Uneasiness	Ionian	4	3	62	Eb	G7-F#maj7
Uneasiness	Ionian	4	3	62	F	A7-Abmaj7
Uneasiness	Ionian	4	3	62	F#	Bb7-Amaj7
Uneasiness	Ionian	4	3	62	G	B7-Bbmaj7
Depressive	Aeolian	0	0	67	A	G7-Cmaj7
Depressive	Aeolian	0	0	67	Ab	F#7-Bmaj7
Depressive	Aeolian	0	0	67	B	A7-Dmaj7
Depressive	Aeolian	0	0	67	Bb	Ab7-Dbmaj7
Depressive	Aeolian	0	0	67	C	Bb7-Ebmaj7
Depressive	Aeolian	0	0	67	D	C7-Fmaj7
Depressive	Aeolian	0	0	67	Db	B7-Emaj7
Depressive	Aeolian	0	0	67	E	D7-Gmaj7
Depressive	Aeolian	0	0	67	Eb	Db7-F#maj7
Depressive	Aeolian	0	0	67	F	Eb7-Abmaj7
Depressive	Aeolian	0	0	67	F#	E7-Amaj7
Depressive	Aeolian	0	0	67	G	F7-Bbmaj7
Epic	Aeolian	2	0	68	A	Fmaj7-G7-Amaj7
Epic	Aeolian	2	0	68	Ab	Emaj7-F#7-Abmaj7
Epic	Aeolian	2	0	68	B	Gmaj7-A7-Bmaj7
Epic	Aeolian	2	0	68	Bb	F#maj7-Ab7-Bbmaj7
Epic	Aeolian	2	0	68	C	Abmaj7-Bb7-Cmaj7
Epic	Aeolian	2	0	68	D	Bbmaj7-C7-Dmaj7
Epic	Aeolian	2	0	68	Db	Amaj7-B7-Dbmaj7
Epic	Aeolian	2	0	68	E	Cmaj7-D7-Emaj7
Epic	Aeolian	2	0	68	Eb	Bmaj7-Db7-Ebmaj7
Epic	Aeolian	2	0	68	F	Dbmaj7-Eb7-Fmaj7
Epic	Aeolian	2	0	68	F#	Dmaj7-E7-F#maj7
Epic	Aeolian	2	0	68	G	Ebmaj7-F7-Gmaj7
Joyful	Lydian	3	4	0	A	A-B-A
Joyful	Lydian	3	4	0	Ab	Ab-Bb-Ab
Joyful	Lydian	3	4	0	B	B-C#-B
Joyful	Lydian	3	4	0	Bb	Bb-C-Bb
Joyful	Lydian	3	4	0	C	C-D-C
Joyful	Lydian	3	4	0	D	D-E-D
Joyful	Lydian	3	4	0	Db	Db-Eb-Db
Joyful	Lydian	3	4	0	E	E-F#-E
Joyful	Lydian	3	4	0	Eb	Eb-F-Eb
Joyful	Lydian	3	4	0	F	F-G-F
Joyful	Lydian	3	4	0	F#	F#-G#-F#
Joyful	Lydian	3	4	0	G	G-A-G
Joyful	Lydian	3	4	1	A	A-B-E-A
Joyful	Lydian	3	4	1	Ab	Ab-Bb-Eb-Ab
Joyful	Lydian	3	4	1	B	B-C#-F#-B
Joyful	Lydian	3	4	1	Bb	Bb-C-F-Bb
Joyful	Lydian	3	4	1	C	C-D-G-C
Joyful	Lydian	3	4	1	D	D-E-A-D
Joyful	Lydian	3	4	1	Db	Db-Eb-Ab-Db
Joyful	Lydian	3	4	1	E	E-F#-B-E
Joyful	Lydian	3	4	1	Eb	Eb-F-Bb-Eb
Joyful	Lydian	3	4	1	F	F-G-C-F
Joyful	Lydian	3	4	1	F#	F#-G#-C#-F#
Joyful	Lydian	3	4	1	G	G-A-D-G
Vital	Lydian	5	4	2	A	A-B-F#m-E
Vital	Lydian	5	4	2	Ab	Ab-Bb-Fm-Eb
Vital	Lydian	5	4	2	B	B-C#-G#m-F#
Vital	Lydian	5	4	2	Bb	Bb-C-Gm-F
Vital	Lydian	5	4	2	C	C-D-Am-G
Vital	Lydian	5	4	2	D	D-E-Bm-A
Vital	Lydian	5	4	2	Db	Db-Eb-Bbm-Ab
Vital	Lydian	5	4	2	E	E-F#-C#m-B
Vital	Lydian	5	4	2	Eb	Eb-F-Cm-Bb
Vital	Lydian	5	4	2	F	F-G-Dm-C
Vital	Lydian	5	4	2	F#	F#-G#-D#m-C#
Vital	Lydian	5	4	2	G	G-A-Em-D
Uneasiness	Ionian	4	3	3	A	A-C#-D-Dm
Uneasiness	Ionian	4	3	3	Ab	Ab-C-Db-Dbm
Uneasiness	Ionian	4	3	3	B	B-D#-E-Em
Uneasiness	Ionian	4	3	3	Bb	Bb-D-Eb-Ebm
Uneasiness	Ionian	4	3	3	C	C-E-F-Fm
Uneasiness	Ionian	4	3	3	D	D-F#-G-Gm
Uneasiness	Ionian	4	3	3	Db	Db-F-Gb-Gbm
Uneasiness	Ionian	4	3	3	E	E-G#-A-Am
Uneasiness	Ionian	4	3	3	Eb	Eb-G-Ab-Abm
Uneasiness	Ionian	4	3	3	F	F-A-Bb-Bbm
Uneasiness	Ionian	4	3	3	F#	F#-A#-B-Bm
Uneasiness	Ionian	4	3	3	G	G-B-C-Cm
Joyful	Ionian	3	3	4	A	A-D
Joyful	Ionian	3	3	4	Ab	Ab-Db
Joyful	Ionian	3	3	4	B	B-E
Joyful	Ionian	3	3	4	Bb	Bb-Eb
Joyful	Ionian	3	3	4	C	C-F
Joyful	Ionian	3	3	4	D	D-G
Joyful	Ionian	3	3	4	Db	Db-Gb
Joyful	Ionian	3	3	4	E	E-A
Joyful	Ionian	3	3	4	Eb	Eb-Ab
Joyful	Ionian	3	3	4	F	F-Bb
Joyful	Ionian	3	3	4	F#	F#-B
Joyful	Ionian	3	3	4	G	G-C
Joyful	Ionian	3	3	5	A	A-D-A-E
Joyful	Ionian	3	3	5	Ab	Ab-Db-Ab-Eb
Joyful	Ionian	3	3	5	B	B-E-B-F#
Joyful	Ionian	3	3	5	Bb	Bb-Eb-Bb-F
Joyful	Ionian	3	3	5	C	C-F-C-G
Joyful	Ionian	3	3	5	D	D-G-D-A
Joyful	Ionian	3	3	5	Db	Db-Gb-Db-Ab
Joyful	Ionian	3	3	5	E	E-A-E-B
Joyful	Ionian	3	3	5	Eb	Eb-Ab-Eb-Bb
Joyful	Ionian	3	3	5	F	F-Bb-F-C
Joyful	Ionian	3	3	5	F#	F#-B-F#-C#
Joyful	Ionian	3	3	5	G	G-C-G-D
Vital	Ionian	5	3	6	A	A-D-E
Vital	Ionian	5	3	6	Ab	Ab-Db-Eb
Vital	Ionian	5	3	6	B	B-E-F#
Vital	Ionian	5	3	6	Bb	Bb-Eb-F
Vital	Ionian	5	3	6	C	C-F-G
Vital	Ionian	5	3	6	D	D-G-A
Vital	Ionian	5	3	6	Db	Db-Gb-Ab
Vital	Ionian	5	3	6	E	E-A-B
Vital	Ionian	5	3	6	Eb	Eb-Ab-Bb
Vital	Ionian	5	3	6	F	F-Bb-C
Vital	Ionian	5	3	6	F#	F#-B-C#
Vital	Ionian	5	3	6	G	G-C-D
Joyful	Ionian	3	3	7	A	A-D-E-A
Joyful	Ionian	3	3	7	Ab	Ab-Db-Eb-Ab
Joyful	Ionian	3	3	7	B	B-E-F#-B
Joyful	Ionian	3	3	7	Bb	Bb-Eb-F-Bb
Joyful	Ionian	3	3	7	C	C-F-G-C
Joyful	Ionian	3	3	7	D	D-G-A-D
Joyful	Ionian	3	3	7	Db	Db-Gb-Ab-Db
Joyful	Ionian	3	3	7	E	E-A-B-E
Joyful	Ionian	3	3	7	Eb	Eb-Ab-Bb-Eb
Joyful	Ionian	3	3	7	F	F-Bb-C-F
Joyful	Ionian	3	3	7	F#	F#-B-C#-F#
Joyful	Ionian	3	3	7	G	G-C-D-G
Vital	Ionian	5	3	8	A	A-D-E-D
Vital	Ionian	5	3	8	Ab	Ab-Db-Eb-Db
Vital	Ionian	5	3	8	B	B-E-F#-E
Vital	Ionian	5	3	8	Bb	Bb-Eb-F-Eb
Vital	Ionian	5	3	8	C	C-F-G-F
Vital	Ionian	5	3	8	D	D-G-A-G
Vital	Ionian	5	3	8	Db	Db-Gb-Ab-Gb
Vital	Ionian	5	3	8	E	E-A-B-A
Vital	Ionian	5	3	8	Eb	Eb-Ab-Bb-Ab
Vital	Ionian	5	3	8	F	F-Bb-C-Bb
Vital	Ionian	5	3	8	F#	F#-B-C#-B
Vital	Ionian	5	3	8	G	G-C-D-C
Vital	Ionian	5	3	9	A	A-D-E-F#m
Vital	Ionian	5	3	9	Ab	Ab-Db-Eb-Fm
Vital	Ionian	5	3	9	B	B-E-F#-G#m
Vital	Ionian	5	3	9	Bb	Bb-Eb-F-Gm
Vital	Ionian	5	3	9	C	C-F-G-Am
Vital	Ionian	5	3	9	D	D-G-A-Bm
Vital	Ionian	5	3	9	Db	Db-Gb-Ab-Bbm
Vital	Ionian	5	3	9	E	E-A-B-C#m
Vital	Ionian	5	3	9	Eb	Eb-Ab-Bb-Cm
Vital	Ionian	5	3	9	F	F-Bb-C-Dm
Vital	Ionian	5	3	9	F#	F#-B-C#-D#m
Vital	Ionian	5	3	9	G	G-C-D-Em
Vital	Mixolydian	5	5	10	A	A-D-G-A
Vital	Mixolydian	5	5	10	Ab	Ab-Db-Gb-Ab
Vital	Mixolydian	5	5	10	B	B-E-A-B
Vital	Mixolydian	5	5	10	Bb	Bb-Eb-Ab-Bb
Vital	Mixolydian	5	5	10	C	C-F-Bb-C
Vital	Mixolydian	5	5	10	D	D-G-C-D
Vital	Mixolydian	5	5	10	Db	Db-Gb-B-Db
Vital	Mixolydian	5	5	10	E	E-A-D-E
Vital	Mixolydian	5	5	10	Eb	Eb-Ab-Db-Eb
Vital	Mixolydian	5	5	10	F	F-Bb-Eb-F
Vital	Mixolydian	5	5	10	F#	F#-B-E-F#
Vital	Mixolydian	5	5	10	G	G-C-F-G
Joyful	Ionian	3	3	11	A	A-D-Bm-E
Joyful	Ionian	3	3	11	Ab	Ab-Db-Bbm-Eb
Joyful	Ionian	3	3	11	B	B-E-C#m-F#
Joyful	Ionian	3	3	11	Bb	Bb-Eb-Cm-F
Joyful	Ionian	3	3	11	C	C-F-Dm-G
Joyful	Ionian	3	3	11	D	D-G-Em-A
Joyful	Ionian	3	3	11	Db	Db-Gb-Ebm-Ab
Joyful	Ionian	3	3	11	E	E-A-F#m-B
Joyful	Ionian	3	3	11	Eb	Eb-Ab-Fm-Bb
Joyful	Ionian	3	3	11	F	F-Bb-Gm-C
Joyful	Ionian	3	3	11	F#	F#-B-G#m-C#
Joyful	Ionian	3	3	11	G	G-C-Am-D
Uneasiness	Ionian	4	3	12	A	A-D-C#m-F#
Uneasiness	Ionian	4	3	12	Ab	Ab-Db-Cm-F
Uneasiness	Ionian	4	3	12	B	B-E-D#m-G#
Uneasiness	Ionian	4	3	12	Bb	Bb-Eb-Dm-G
Uneasiness	Ionian	4	3	12	C	C-F-Em-A
Uneasiness	Ionian	4	3	12	D	D-G-F#m-B
Uneasiness	Ionian	4	3	12	Db	Db-Gb-Fm-Bb
Uneasiness	Ionian	4	3	12	E	E-A-G#m-C#
Uneasiness	Ionian	4	3	12	Eb	Eb-Ab-Gm-C
Uneasiness	Ionian	4	3	12	F	F-Bb-Am-D
Uneasiness	Ionian	4	3	12	F#	F#-B-A#m-D#
Uneasiness	Ionian	4	3	12	G	G-C-Bm-E
Joyful	Ionian	3	3	13	A	A-D-C#m-F#m
Joyful	Ionian	3	3	13	Ab	Ab-Db-Cm-Fm
Joyful	Ionian	3	3	13	B	B-E-D#m-G#m
Joyful	Ionian	3	3	13	Bb	Bb-Eb-Dm-Gm
Joyful	Ionian	3	3	13	C	C-F-Em-Am
Joyful	Ionian	3	3	13	D	D-G-F#m-Bm
Joyful	Ionian	3	3	13	Db	Db-Gb-Fm-Bbm
Joyful	Ionian	3	3	13	E	E-A-G#m-C#m
Joyful	Ionian	3	3	13	Eb	Eb-Ab-Gm-Cm
Joyful	Ionian	3	3	13	F	F-Bb-Am-Dm
Joyful	Ionian	3	3	13	F#	F#-B-A#m-D#m
Joyful	Ionian	3	3	13	G	G-C-Bm-Em
Joyful	Ionian	3	3	14	A	A-D-F#m-D
Joyful	Ionian	3	3	14	Ab	Ab-Db-Fm-Db
Joyful	Ionian	3	3	14	B	B-E-G#m-E
Joyful	Ionian	3	3	14	Bb	Bb-Eb-Gm-Eb
Joyful	Ionian	3	3	14	C	C-F-Am-F
Joyful	Ionian	3	3	14	D	D-G-Bm-G
Joyful	Ionian	3	3	14	Db	Db-Gb-Bbm-Gb
Joyful	Ionian	3	3	14	E	E-A-C#m-A
Joyful	Ionian	3	3	14	Eb	Eb-Ab-Cm-Ab
Joyful	Ionian	3	3	14	F	F-Bb-Dm-Bb
Joyful	Ionian	3	3	14	F#	F#-B-D#m-B
Joyful	Ionian	3	3	14	G	G-C-Em-C
Joyful	Ionian	3	3	15	A	A-D-F#m-E
Joyful	Ionian	3	3	15	Ab	Ab-Db-Fm-Eb
Joyful	Ionian	3	3	15	B	B-E-G#m-F#
Joyful	Ionian	3	3	15	Bb	Bb-Eb-Gm-F
Joyful	Ionian	3	3	15	C	C-F-Am-G
Joyful	Ionian	3	3	15	D	D-G-Bm-A
Joyful	Ionian	3	3	15	Db	Db-Gb-Bbm-Ab
Joyful	Ionian	3	3	15	E	E-A-C#m-B
Joyful	Ionian	3	3	15	Eb	Eb-Ab-Cm-Bb
Joyful	Ionian	3	3	15	F	F-Bb-Dm-C
Joyful	Ionian	3	3	15	F#	F#-B-D#m-C#
Joyful	Ionian	3	3	15	G	G-C-Em-D
Depressive	Mixolydian	0	5	16	A	A-Dsus-G-Bsus
Depressive	Mixolydian	0	5	16	Ab	Ab-Dbsus-Gb-Bbsus
Depressive	Mixolydian	0	5	16	B	B-Esus-A-C#sus
Depressive	Mixolydian	0	5	16	Bb	Bb-Ebsus-Ab-Csus
Depressive	Mixolydian	0	5	16	C	C-Fsus-Bb-Dsus
Depressive	Mixolydian	0	5	16	D	D-Gsus-C-Esus
Depressive	Mixolydian	0	5	16	Db	Db-Gbsus-Cb-Ebsus
Depressive	Mixolydian	0	5	16	E	E-Asus-D-F#sus
Depressive	Mixolydian	0	5	16	Eb	Eb-Absus-Db-Fsus
Depressive	Mixolydian	0	5	16	F	F-Bbsus-Eb-Gsus
Depressive	Mixolydian	0	5	16	F#	F#-Bsus-E-G#sus
Depressive	Mixolydian	0	5	16	G	G-Csus-F-Asus
Joyful	Lydian	3	4	17	A	A-E-B-A
Joyful	Lydian	3	4	17	Ab	Ab-Eb-Bb-Ab
Joyful	Lydian	3	4	17	B	B-F#-C#-B
Joyful	Lydian	3	4	17	Bb	Bb-F-C-Bb
Joyful	Lydian	3	4	17	C	C-G-D-C
Joyful	Lydian	3	4	17	D	D-A-E-D
Joyful	Lydian	3	4	17	Db	Db-Ab-Eb-Db
Joyful	Lydian	3	4	17	E	E-B-F#-E
Joyful	Lydian	3	4	17	Eb	Eb-Bb-F-Eb
Joyful	Lydian	3	4	17	F	F-C-G-F
Joyful	Lydian	3	4	17	F#	F#-C#-G#-F#
Joyful	Lydian	3	4	17	G	G-D-A-G
Epic	Ionian	2	3	18	A	A-E-D-A
Epic	Ionian	2	3	18	Ab	Ab-Eb-Db-Ab
Epic	Ionian	2	3	18	B	B-F#-E-B
Epic	Ionian	2	3	18	Bb	Bb-F-Eb-Bb
Epic	Ionian	2	3	18	C	C-G-F-C
Epic	Ionian	2	3	18	D	D-A-G-D
Epic	Ionian	2	3	18	Db	Db-Ab-Gb-Db
Epic	Ionian	2	3	18	E	E-B-A-E
Epic	Ionian	2	3	18	Eb	Eb-Bb-Ab-Eb
Epic	Ionian	2	3	18	F	F-C-Bb-F
Epic	Ionian	2	3	18	F#	F#-C#-B-F#
Epic	Ionian	2	3	18	G	G-D-C-G
Vital	Ionian	5	3	19	A	A-E-D-E
Vital	Ionian	5	3	19	Ab	Ab-Eb-Db-Eb
Vital	Ionian	5	3	19	B	B-F#-E-F#
Vital	Ionian	5	3	19	Bb	Bb-F-Eb-F
Vital	Ionian	5	3	19	C	C-G-F-G
Vital	Ionian	5	3	19	D	D-A-G-A
Vital	Ionian	5	3	19	Db	Db-Ab-Gb-Ab
Vital	Ionian	5	3	19	E	E-B-A-B
Vital	Ionian	5	3	19	Eb	Eb-Bb-Ab-Bb
Vital	Ionian	5	3	19	F	F-C-Bb-C
Vital	Ionian	5	3	19	F#	F#-C#-B-C#
Vital	Ionian	5	3	19	G	G-D-C-D
Joyful	Ionian	3	3	20	A	A-E-C#m-D
Joyful	Ionian	3	3	20	Ab	Ab-Eb-Cm-Db
Joyful	Ionian	3	3	20	B	B-F#-D#m-E
Joyful	Ionian	3	3	20	Bb	Bb-F-Dm-Eb
Joyful	Ionian	3	3	20	C	C-G-Em-F
Joyful	Ionian	3	3	20	D	D-A-F#m-G
Joyful	Ionian	3	3	20	Db	Db-Ab-Fm-Gb
Joyful	Ionian	3	3	20	E	E-B-G#m-A
Joyful	Ionian	3	3	20	Eb	Eb-Bb-Gm-Ab
Joyful	Ionian	3	3	20	F	F-C-Am-Bb
Joyful	Ionian	3	3	20	F#	F#-C#-A#m-B
Joyful	Ionian	3	3	20	G	G-D-Bm-C
Joyful	Ionian	3	3	21	A	A-E-F#m-D
Joyful	Ionian	3	3	21	Ab	Ab-Eb-Fm-Db
Joyful	Ionian	3	3	21	B	B-F#-G#m-E
Joyful	Ionian	3	3	21	Bb	Bb-F-Gm-Eb
Joyful	Ionian	3	3	21	C	C-G-Am-F
Joyful	Ionian	3	3	21	D	D-A-Bm-G
Joyful	Ionian	3	3	21	Db	Db-Ab-Bbm-Gb
Joyful	Ionian	3	3	21	E	E-B-C#m-A
Joyful	Ionian	3	3	21	Eb	Eb-Bb-Cm-Ab
Joyful	Ionian	3	3	21	F	F-C-Dm-Bb
Joyful	Ionian	3	3	21	F#	F#-C#-D#m-B
Joyful	Ionian	3	3	21	G	G-D-Em-C
Joyful	Ionian	3	3	22	A	A-E-F#m-Bm
Joyful	Ionian	3	3	22	Ab	Ab-Eb-Fm-Bbm
Joyful	Ionian	3	3	22	B	B-F#-G#m-C#m
Joyful	Ionian	3	3	22	Bb	Bb-F-Gm-Cm
Joyful	Ionian	3	3	22	C	C-G-Am-Dm
Joyful	Ionian	3	3	22	D	D-A-Bm-Em
Joyful	Ionian	3	3	22	Db	Db-Ab-Bbm-Ebm
Joyful	Ionian	3	3	22	E	E-B-C#m-F#m
Joyful	Ionian	3	3	22	Eb	Eb-Bb-Cm-Fm
Joyful	Ionian	3	3	22	F	F-C-Dm-Gm
Joyful	Ionian	3	3	22	F#	F#-C#-D#m-G#m
Joyful	Ionian	3	3	22	G	G-D-Em-Am
Joyful	Ionian	3	3	23	A	A-E-F#m-C#m
Joyful	Ionian	3	3	23	Ab	Ab-Eb-Fm-Cm
Joyful	Ionian	3	3	23	B	B-F#-G#m-D#m
Joyful	Ionian	3	3	23	Bb	Bb-F-Gm-Dm
Joyful	Ionian	3	3	23	C	C-G-Am-Em
Joyful	Ionian	3	3	23	D	D-A-Bm-F#m
Joyful	Ionian	3	3	23	Db	Db-Ab-Bbm-Fm
Joyful	Ionian	3	3	23	E	E-B-C#m-G#m
Joyful	Ionian	3	3	23	Eb	Eb-Bb-Cm-Gm
Joyful	Ionian	3	3	23	F	F-C-Dm-Am
Joyful	Ionian	3	3	23	F#	F#-C#-D#m-A#m
Joyful	Ionian	3	3	23	G	G-D-Em-Bm
Epic	Ionian	2	3	24	A	A-F-G-A
Epic	Ionian	2	3	24	Ab	Ab-E-Gb-Ab
Epic	Ionian	2	3	24	B	B-G-A-B
Epic	Ionian	2	3	24	Bb	Bb-Gb-Ab-Bb
Epic	Ionian	2	3	24	C	C-Ab-Bb-C
Epic	Ionian	2	3	24	D	D-Bb-C-D
Epic	Ionian	2	3	24	Db	Db-A-B-Db
Epic	Ionian	2	3	24	E	E-C-D-E
Epic	Ionian	2	3	24	Eb	Eb-B-Db-Eb
Epic	Ionian	2	3	24	F	F-Db-Eb-F
Epic	Ionian	2	3	24	F#	F#-D-E-F#
Epic	Ionian	2	3	24	G	G-Eb-F-G
Vital	Mixolydian	5	5	25	A	A-G-A
Vital	Mixolydian	5	5	25	Ab	Ab-Gb-Ab
Vital	Mixolydian	5	5	25	B	B-A-B
Vital	Mixolydian	5	5	25	Bb	Bb-Ab-Bb
Vital	Mixolydian	5	5	25	C	C-Bb-C
Vital	Mixolydian	5	5	25	D	D-C-D
Vital	Mixolydian	5	5	25	Db	Db-B-Db
Vital	Mixolydian	5	5	25	E	E-D-E
Vital	Mixolydian	5	5	25	Eb	Eb-Db-Eb
Vital	Mixolydian	5	5	25	F	F-Eb-F
Vital	Mixolydian	5	5	25	F#	F#-E-F#
Vital	Mixolydian	5	5	25	G	G-F-G
Epic	Mixolydian	2	5	26	A	A-G-D
Epic	Mixolydian	2	5	26	Ab	Ab-Gb-Db
Epic	Mixolydian	2	5	26	B	B-A-E
Epic	Mixolydian	2	5	26	Bb	Bb-Ab-Eb
Epic	Mixolydian	2	5	26	C	C-Bb-F
Epic	Mixolydian	2	5	26	D	D-C-G
Epic	Mixolydian	2	5	26	Db	Db-B-Gb
Epic	Mixolydian	2	5	26	E	E-D-A
Epic	Mixolydian	2	5	26	Eb	Eb-Db-Ab
Epic	Mixolydian	2	5	26	F	F-Eb-Bb
Epic	Mixolydian	2	5	26	F#	F#-E-B
Epic	Mixolydian	2	5	26	G	G-F-C
Depressive	Aeolian	0	0	27	A	A-G-F-G
Depressive	Aeolian	0	0	27	Ab	Ab-Gb-E-Gb
Depressive	Aeolian	0	0	27	B	B-A-G-A
Depressive	Aeolian	0	0	27	Bb	Bb-Ab-Gb-Ab
Depressive	Aeolian	0	0	27	C	C-Bb-Ab-Bb
Depressive	Aeolian	0	0	27	D	D-C-Bb-C
Depressive	Aeolian	0	0	27	Db	Db-B-A-B
Depressive	Aeolian	0	0	27	E	E-D-C-D
Depressive	Aeolian	0	0	27	Eb	Eb-Db-B-Db
Depressive	Aeolian	0	0	27	F	F-Eb-Db-Eb
Depressive	Aeolian	0	0	27	F#	F#-E-D-E
Depressive	Aeolian	0	0	27	G	G-F-Eb-F
Joyful	Ionian	3	3	28	A	A-Bm-C#m-D
Joyful	Ionian	3	3	28	Ab	Ab-Bbm-Cm-Db
Joyful	Ionian	3	3	28	B	B-C#m-D#m-E
Joyful	Ionian	3	3	28	Bb	Bb-Cm-Dm-Eb
Joyful	Ionian	3	3	28	C	C-Dm-Em-F
Joyful	Ionian	3	3	28	D	D-Em-F#m-G
Joyful	Ionian	3	3	28	Db	Db-Ebm-Fm-Gb
Joyful	Ionian	3	3	28	E	E-F#m-G#m-A
Joyful	Ionian	3	3	28	Eb	Eb-Fm-Gm-Ab
Joyful	Ionian	3	3	28	F	F-Gm-Am-Bb
Joyful	Ionian	3	3	28	F#	F#-G#m-A#m-B
Joyful	Ionian	3	3	28	G	G-Am-Bm-C
Vital	Ionian	5	3	29	A	A-C#m-D-E
Vital	Ionian	5	3	29	Ab	Ab-Cm-Db-Eb
Vital	Ionian	5	3	29	B	B-D#m-E-F#
Vital	Ionian	5	3	29	Bb	Bb-Dm-Eb-F
Vital	Ionian	5	3	29	C	C-Em-F-G
Vital	Ionian	5	3	29	D	D-F#m-G-A
Vital	Ionian	5	3	29	Db	Db-Fm-Gb-Ab
Vital	Ionian	5	3	29	E	E-G#m-A-B
Vital	Ionian	5	3	29	Eb	Eb-Gm-Ab-Bb
Vital	Ionian	5	3	29	F	F-Am-Bb-C
Vital	Ionian	5	3	29	F#	F#-A#m-B-C#
Vital	Ionian	5	3	29	G	G-Bm-C-D
Uneasiness	Ionian	4	3	30	A	A-C#m-E-Bm-D
Uneasiness	Ionian	4	3	30	Ab	Ab-Cm-Eb-Bbm-Db
Uneasiness	Ionian	4	3	30	B	B-D#m-F#-C#m-E
Uneasiness	Ionian	4	3	30	Bb	Bb-Dm-F-Cm-Eb
Uneasiness	Ionian	4	3	30	C	C-Em-G-Dm-F
Uneasiness	Ionian	4	3	30	D	D-F#m-A-Em-G
Uneasiness	Ionian	4	3	30	Db	Db-Fm-Ab-Ebm-Gb
Uneasiness	Ionian	4	3	30	E	E-G#m-B-F#m-A
Uneasiness	Ionian	4	3	30	Eb	Eb-Gm-Bb-Fm-Ab
Uneasiness	Ionian	4	3	30	F	F-Am-C-Gm-Bb
Uneasiness	Ionian	4	3	30	F#	F#-A#m-C#-G#m-B
Uneasiness	Ionian	4	3	30	G	G-Bm-D-Am-C
Vital	Ionian	5	3	31	A	A-C#m-F#m-D
Vital	Ionian	5	3	31	Ab	Ab-Cm-Fm-Db
Vital	Ionian	5	3	31	B	B-D#m-G#m-E
Vital	Ionian	5	3	31	Bb	Bb-Dm-Gm-Eb
Vital	Ionian	5	3	31	C	C-Em-Am-F
Vital	Ionian	5	3	31	D	D-F#m-Bm-G
Vital	Ionian	5	3	31	Db	Db-Fm-Bbm-Gb
Vital	Ionian	5	3	31	E	E-G#m-C#m-A
Vital	Ionian	5	3	31	Eb	Eb-Gm-Cm-Ab
Vital	Ionian	5	3	31	F	F-Am-Dm-Bb
Vital	Ionian	5	3	31	F#	F#-A#m-D#m-B
Vital	Ionian	5	3	31	G	G-Bm-Em-C
Depressive	Mixolydian	0	5	32	A	A-Em-G-D
Depressive	Mixolydian	0	5	32	Ab	Ab-Ebm-Gb-Db
Depressive	Mixolydian	0	5	32	B	B-F#m-A-E
Depressive	Mixolydian	0	5	32	Bb	Bb-Fm-Ab-Eb
Depressive	Mixolydian	0	5	32	C	C-Gm-Bb-F
Depressive	Mixolydian	0	5	32	D	D-Am-C-G
Depressive	Mixolydian	0	5	32	Db	Db-Abm-B-Gb
Depressive	Mixolydian	0	5	32	E	E-Bm-D-A
Depressive	Mixolydian	0	5	32	Eb	Eb-Bbm-Db-Ab
Depressive	Mixolydian	0	5	32	F	F-Cm-Eb-Bb
Depressive	Mixolydian	0	5	32	F#	F#-C#m-E-B
Depressive	Mixolydian	0	5	32	G	G-Dm-F-C
Joyful	Ionian	3	3	33	A	A-F#m-D-E
Joyful	Ionian	3	3	33	Ab	Ab-Fm-Db-Eb
Joyful	Ionian	3	3	33	B	B-G#m-E-F#
Joyful	Ionian	3	3	33	Bb	Bb-Gm-Eb-F
Joyful	Ionian	3	3	33	C	C-Am-F-G
Joyful	Ionian	3	3	33	D	D-Bm-G-A
Joyful	Ionian	3	3	33	Db	Db-Bbm-Gb-Ab
Joyful	Ionian	3	3	33	E	E-C#m-A-B
Joyful	Ionian	3	3	33	Eb	Eb-Cm-Ab-Bb
Joyful	Ionian	3	3	33	F	F-Dm-Bb-C
Joyful	Ionian	3	3	33	F#	F#-D#m-B-C#
Joyful	Ionian	3	3	33	G	G-Em-C-D
Joyful	Ionian	3	3	36	A	D-A
Joyful	Ionian	3	3	36	Ab	Db-Ab
Joyful	Ionian	3	3	36	B	E-B
Joyful	Ionian	3	3	36	Bb	Eb-Bb
Joyful	Ionian	3	3	36	C	F-C
Joyful	Ionian	3	3	36	D	G-D
Joyful	Ionian	3	3	36	Db	Gb-Db
Joyful	Ionian	3	3	36	E	A-E
Joyful	Ionian	3	3	36	Eb	Ab-Eb
Joyful	Ionian	3	3	36	F	Bb-F
Joyful	Ionian	3	3	36	F#	B-F#
Joyful	Ionian	3	3	36	G	C-G
Vital	Ionian	5	3	37	A	D-A-E-F#m
Vital	Ionian	5	3	37	Ab	Db-Ab-Eb-Fm
Vital	Ionian	5	3	37	B	E-B-F#-G#m
Vital	Ionian	5	3	37	Bb	Eb-Bb-F-Gm
Vital	Ionian	5	3	37	C	F-C-G-Am
Vital	Ionian	5	3	37	D	G-D-A-Bm
Vital	Ionian	5	3	37	Db	Gb-Db-Ab-Bbm
Vital	Ionian	5	3	37	E	A-E-B-C#m
Vital	Ionian	5	3	37	Eb	Ab-Eb-Bb-Cm
Vital	Ionian	5	3	37	F	Bb-F-C-Dm
Vital	Ionian	5	3	37	F#	B-F#-C#-D#m
Vital	Ionian	5	3	37	G	C-G-D-Em
Joyful	Ionian	3	3	38	A	D-E-A
Joyful	Ionian	3	3	38	Ab	Db-Eb-Ab
Joyful	Ionian	3	3	38	B	E-F#-B
Joyful	Ionian	3	3	38	Bb	Eb-F-Bb
Joyful	Ionian	3	3	38	C	F-G-C
Joyful	Ionian	3	3	38	D	G-A-D
Joyful	Ionian	3	3	38	Db	Gb-Ab-Db
Joyful	Ionian	3	3	38	E	A-B-E
Joyful	Ionian	3	3	38	Eb	Ab-Bb-Eb
Joyful	Ionian	3	3	38	F	Bb-C-F
Joyful	Ionian	3	3	38	F#	B-C#-F#
Joyful	Ionian	3	3	38	G	C-D-G
Uneasiness	Ionian	4	3	39	A	D-E-C#m-F#m
Uneasiness	Ionian	4	3	39	Ab	Db-Eb-Cm-Fm
Uneasiness	Ionian	4	3	39	B	E-F#-D#m-G#m
Uneasiness	Ionian	4	3	39	Bb	Eb-F-Dm-Gm
Uneasiness	Ionian	4	3	39	C	F-G-Em-Am
Uneasiness	Ionian	4	3	39	D	G-A-F#m-Bm
Uneasiness	Ionian	4	3	39	Db	Gb-Ab-Fm-Bbm
Uneasiness	Ionian	4	3	39	E	A-B-G#m-C#m
Uneasiness	Ionian	4	3	39	Eb	Ab-Bb-Gm-Cm
Uneasiness	Ionian	4	3	39	F	Bb-C-Am-Dm
Uneasiness	Ionian	4	3	39	F#	B-C#-A#m-D#m
Uneasiness	Ionian	4	3	39	G	C-D-Bm-Em
Uneasiness	Ionian	4	3	40	A	D-C#m-F#m-B
Uneasiness	Ionian	4	3	40	Ab	Db-Cm-Fm-Bb
Uneasiness	Ionian	4	3	40	B	E-D#m-G#m-C#
Uneasiness	Ionian	4	3	40	Bb	Eb-Dm-Gm-C
Uneasiness	Ionian	4	3	40	C	F-Em-Am-D
Uneasiness	Ionian	4	3	40	D	G-F#m-Bm-E
Uneasiness	Ionian	4	3	40	Db	Gb-Fm-Bbm-Eb
Uneasiness	Ionian	4	3	40	E	A-G#m-C#m-F#
Uneasiness	Ionian	4	3	40	Eb	Ab-Gm-Cm-F
Uneasiness	Ionian	4	3	40	F	Bb-Am-Dm-G
Uneasiness	Ionian	4	3	40	F#	B-A#m-D#m-G#
Uneasiness	Ionian	4	3	40	G	C-Bm-Em-A
Epic	Ionian	2	3	51	A	E-A-F#m-D
Epic	Ionian	2	3	51	Ab	Eb-Ab-Fm-Db
Epic	Ionian	2	3	51	B	F#-B-G#m-E
Epic	Ionian	2	3	51	Bb	F-Bb-Gm-Eb
Epic	Ionian	2	3	51	C	G-C-Am-F
Epic	Ionian	2	3	51	D	A-D-Bm-G
Epic	Ionian	2	3	51	Db	Ab-Db-Bbm-Gb
Epic	Ionian	2	3	51	E	B-E-C#m-A
Epic	Ionian	2	3	51	Eb	Bb-Eb-Cm-Ab
Epic	Ionian	2	3	51	F	C-F-Dm-Bb
Epic	Ionian	2	3	51	F#	C#-F#-D#m-B
Epic	Ionian	2	3	51	G	D-G-Em-C
Depressive	Aeolian	0	0	63	A minor	F-C-G-Am
Depressive	Aeolian	0	0	63	Ab minor	E-B-F#-G#m
Depressive	Aeolian	0	0	63	B minor	G-D-A-Bm
Depressive	Aeolian	0	0	63	Bb minor	Gb-Db-Ab-Bbm
Depressive	Aeolian	0	0	63	C minor	Ab-Eb-Bb-Cm
Depressive	Aeolian	0	0	63	C# minor	A-E-B-C#m
Depressive	Aeolian	0	0	63	D minor	Bb-F-C-Dm
Depressive	Aeolian	0	0	63	E minor	C-G-D-Em
Depressive	Aeolian	0	0	63	Eb minor	B-Gb-Db-Ebm
Depressive	Aeolian	0	0	63	F minor	Db-Ab-Eb-Fm
Depressive	Aeolian	0	0	63	F# minor	D-A-E-F#m
Depressive	Aeolian	0	0	63	G minor	Eb-Bb-F-Gm
Despair	Aeolian	1	0	64	A minor	F-G-Am
Despair	Aeolian	1	0	64	Ab minor	E-F#-G#m
Despair	Aeolian	1	0	64	B minor	G-A-Bm
Despair	Aeolian	1	0	64	Bb minor	Gb-Ab-Bbm
Despair	Aeolian	1	0	64	C minor	Ab-Bb-Cm
Despair	Aeolian	1	0	64	C# minor	A-B-C#m
Despair	Aeolian	1	0	64	D minor	Bb-C-Dm
Despair	Aeolian	1	0	64	E minor	C-D-Em
Despair	Aeolian	1	0	64	Eb minor	B-Db-Ebm
Despair	Aeolian	1	0	64	F minor	Db-Eb-Fm
Despair	Aeolian	1	0	64	F# minor	D-E-F#m
Despair	Aeolian	1	0	64	G minor	Eb-F-Gm
Depressive	Aeolian	0	0	65	A minor	F-G-Em
Depressive	Aeolian	0	0	65	Ab minor	E-F#-D#m
Depressive	Aeolian	0	0	65	B minor	G-A-F#m
Depressive	Aeolian	0	0	65	Bb minor	Gb-Ab-Fm
Depressive	Aeolian	0	0	65	C minor	Ab-Bb-Gm
Depressive	Aeolian	0	0	65	C# minor	A-B-G#m
Depressive	Aeolian	0	0	65	D minor	Bb-C-Am
Depressive	Aeolian	0	0	65	E minor	C-D-Bm
Depressive	Aeolian	0	0	65	Eb minor	B-Db-Bbm
Depressive	Aeolian	0	0	65	F minor	Db-Eb-Cm
Depressive	Aeolian	0	0	65	F# minor	D-E-C#m
Depressive	Aeolian	0	0	65	G minor	Eb-F-Dm
Despair	Phrygian	1	6	66	A minor	Bb-G-Am
Despair	Phrygian	1	6	66	Ab minor	A-F#-G#m
Despair	Phrygian	1	6	66	B minor	C-A-Bm
Despair	Phrygian	1	6	66	Bb minor	B-Ab-Bbm
Despair	Phrygian	1	6	66	C minor	Db-Bb-Cm
Despair	Phrygian	1	6	66	C# minor	D-B-C#m
Despair	Phrygian	1	6	66	D minor	Eb-C-Dm
Despair	Phrygian	1	6	66	E minor	F-D-Em
Despair	Phrygian	1	6	66	Eb minor	E-Db-Ebm
Despair	Phrygian	1	6	66	F minor	Gb-Eb-Fm
Despair	Phrygian	1	6	66	F# minor	G-E-F#m
Despair	Phrygian	1	6	66	G minor	Ab-F-Gm
Depressive	Dorian	0	1	69	A minor	Am-C-D
Depressive	Dorian	0	1	69	Ab minor	G#m-B-C#
Depressive	Dorian	0	1	69	B minor	Bm-D-E
Depressive	Dorian	0	1	69	Bb minor	Bbm-Db-Eb
Depressive	Dorian	0	1	69	C minor	Cm-Eb-F
Depressive	Dorian	0	1	69	C# minor	C#m-E-F#
Depressive	Dorian	0	1	69	D minor	Dm-F-G
Depressive	Dorian	0	1	69	E minor	Em-G-A
Depressive	Dorian	0	1	69	Eb minor	Ebm-Gb-Ab
Depressive	Dorian	0	1	69	F minor	Fm-Ab-Bb
Depressive	Dorian	0	1	69	F# minor	F#m-A-B
Depressive	Dorian	0	1	69	G minor	Gm-Bb-C
Despair	Aeolian	1	0	70	A minor	Am-C-G-F
Despair	Aeolian	1	0	70	Ab minor	G#m-B-F#-E
Despair	Aeolian	1	0	70	B minor	Bm-D-A-G
Despair	Aeolian	1	0	70	Bb minor	Bbm-Db-Ab-Gb
Despair	Aeolian	1	0	70	C minor	Cm-Eb-Bb-Ab
Despair	Aeolian	1	0	70	C# minor	C#m-E-B-A
Despair	Aeolian	1	0	70	D minor	Dm-F-C-Bb
Despair	Aeolian	1	0	70	E minor	Em-G-D-C
Despair	Aeolian	1	0	70	Eb minor	Ebm-Gb-Db-B
Despair	Aeolian	1	0	70	F minor	Fm-Ab-Eb-Db
Despair	Aeolian	1	0	70	F# minor	F#m-A-E-D
Despair	Aeolian	1	0	70	G minor	Gm-Bb-F-Eb
Depressive	Harmonic minor	0	2	71	A minor	Am-C-G-Am
Depressive	Harmonic minor	0	2	71	Ab minor	G#m-B-F#-G#m
Depressive	Harmonic minor	0	2	71	B minor	Bm-D-A-Bm
Depressive	Harmonic minor	0	2	71	Bb minor	Bbm-Db-Ab-Bbm
Depressive	Harmonic minor	0	2	71	C minor	Cm-Eb-Bb-Cm
Depressive	Harmonic minor	0	2	71	C# minor	C#m-E-B-C#m
Depressive	Harmonic minor	0	2	71	D minor	Dm-F-C-Dm
Depressive	Harmonic minor	0	2	71	E minor	Em-G-D-Em
Depressive	Harmonic minor	0	2	71	Eb minor	Ebm-Gb-Db-Ebm
Depressive	Harmonic minor	0	2	71	F minor	Fm-Ab-Eb-Fm
Depressive	Harmonic minor	0	2	71	F# minor	F#m-A-E-F#m
Depressive	Harmonic minor	0	2	71	G minor	Gm-Bb-F-Gm
Depressive	Aeolian	0	0	72	A minor	Am-C-Dm-Am
Depressive	Aeolian	0	0	72	Ab minor	G#m-B-C#m-G#m
Depressive	Aeolian	0	0	72	B minor	Bm-D-Em-Bm
Depressive	Aeolian	0	0	72	Bb minor	Bbm-Db-Ebm-Bbm
Depressive	Aeolian	0	0	72	C minor	Cm-Eb-Fm-Cm
Depressive	Aeolian	0	0	72	C# minor	C#m-E-F#m-C#m
Depressive	Aeolian	0	0	72	D minor	Dm-F-Gm-Dm
Depressive	Aeolian	0	0	72	E minor	Em-G-Am-Em
Depressive	Aeolian	0	0	72	Eb minor	Ebm-Gb-Abm-Ebm
Depressive	Aeolian	0	0	72	F minor	Fm-Ab-Bbm-Fm
Depressive	Aeolian	0	0	72	F# minor	F#m-A-Bm-F#m
Depressive	Aeolian	0	0	72	G minor	Gm-Bb-Cm-Gm
Vital	Dorian	5	1	73	A minor	Am-D-G-A
Vital	Dorian	5	1	73	Ab minor	G#m-C#-F#-G#
Vital	Dorian	5	1	73	B minor	Bm-E-A-B
Vital	Dorian	5	1	73	Bb minor	Bbm-Eb-Ab-Bb
Vital	Dorian	5	1	73	C minor	Cm-F-Bb-C
Vital	Dorian	5	1	73	C# minor	C#m-F#-B-C#
Vital	Dorian	5	1	73	D minor	Dm-G-C-D
Vital	Dorian	5	1	73	E minor	Em-A-D-E
Vital	Dorian	5	1	73	Eb minor	Ebm-Ab-Db-Eb
Vital	Dorian	5	1	73	F minor	Fm-Bb-Eb-F
Vital	Dorian	5	1	73	F# minor	F#m-B-E-F#
Vital	Dorian	5	1	73	G minor	Gm-C-F-G
Vital	Dorian	5	1	74	A minor	Am-D-Am-D
Vital	Dorian	5	1	74	Ab minor	G#m-C#-G#m-C#
Vital	Dorian	5	1	74	B minor	Bm-E-Bm-E
Vital	Dorian	5	1	74	Bb minor	Bbm-Eb-Bbm-Eb
Vital	Dorian	5	1	74	C minor	Cm-F-Cm-F
Vital	Dorian	5	1	74	C# minor	C#m-F#-C#m-F#
Vital	Dorian	5	1	74	D minor	Dm-G-Dm-G
Vital	Dorian	5	1	74	E minor	Em-A-Em-A
Vital	Dorian	5	1	74	Eb minor	Ebm-Ab-Ebm-Ab
Vital	Dorian	5	1	74	F minor	Fm-Bb-Fm-Bb
Vital	Dorian	5	1	74	F# minor	F#m-B-F#m-B
Vital	Dorian	5	1	74	G minor	Gm-C-Gm-C
Despair	Dorian	1	1	75	A minor	Am-D7
Despair	Dorian	1	1	75	Ab minor	G#m-C#7
Despair	Dorian	1	1	75	B minor	Bm-E7
Despair	Dorian	1	1	75	Bb minor	Bbm-Eb7
Despair	Dorian	1	1	75	C minor	Cm-F7
Despair	Dorian	1	1	75	C# minor	C#m-F#7
Despair	Dorian	1	1	75	D minor	Dm-G7
Despair	Dorian	1	1	75	E minor	Em-A7
Despair	Dorian	1	1	75	Eb minor	Ebm-Ab7
Despair	Dorian	1	1	75	F minor	Fm-Bb7
Despair	Dorian	1	1	75	F# minor	F#m-B7
Despair	Dorian	1	1	75	G minor	Gm-C7
Depressive	Aeolian	0	0	76	A minor	Am-F-C-G
Depressive	Aeolian	0	0	76	Ab minor	G#m-E-B-F#
Depressive	Aeolian	0	0	76	B minor	Bm-G-D-A
Depressive	Aeolian	0	0	76	Bb minor	Bbm-Gb-Db-Ab
Depressive	Aeolian	0	0	76	C minor	Cm-Ab-Eb-Bb
Depressive	Aeolian	0	0	76	C# minor	C#m-A-E-B
Depressive	Aeolian	0	0	76	D minor	Dm-Bb-F-C
Depressive	Aeolian	0	0	76	E minor	Em-C-G-D
Depressive	Aeolian	0	0	76	Eb minor	Ebm-B-Gb-Db
Depressive	Aeolian	0	0	76	F minor	Fm-Db-Ab-Eb
Depressive	Aeolian	0	0	76	F# minor	F#m-D-A-E
Depressive	Aeolian	0	0	76	G minor	Gm-Eb-Bb-F
Uneasiness	Aeolian	4	0	77	A minor	Am-F-D-E
Uneasiness	Aeolian	4	0	77	Ab minor	G#m-E-C#-D#
Uneasiness	Aeolian	4	0	77	B minor	Bm-G-E-F#
Uneasiness	Aeolian	4	0	77	Bb minor	Bbm-Gb-Eb-F
Uneasiness	Aeolian	4	0	77	C minor	Cm-Ab-F-G
Uneasiness	Aeolian	4	0	77	C# minor	C#m-A-F#-G#
Uneasiness	Aeolian	4	0	77	D minor	Dm-Bb-G-A
Uneasiness	Aeolian	4	0	77	E minor	Em-C-A-B
Uneasiness	Aeolian	4	0	77	Eb minor	Ebm-B-Ab-Bb
Uneasiness	Aeolian	4	0	77	F minor	Fm-Db-Bb-C
Uneasiness	Aeolian	4	0	77	F# minor	F#m-D-B-C#
Uneasiness	Aeolian	4	0	77	G minor	Gm-Eb-C-D
Depressive	Aeolian	0	0	78	A minor	Am-F-G
Depressive	Aeolian	0	0	78	Ab minor	G#m-E-F#
Depressive	Aeolian	0	0	78	B minor	Bm-G-A
Depressive	Aeolian	0	0	78	Bb minor	Bbm-Gb-Ab
Depressive	Aeolian	0	0	78	C minor	Cm-Ab-Bb
Depressive	Aeolian	0	0	78	C# minor	C#m-A-B
Depressive	Aeolian	0	0	78	D minor	Dm-Bb-C
Depressive	Aeolian	0	0	78	E minor	Em-C-D
Depressive	Aeolian	0	0	78	Eb minor	Ebm-B-Db
Depressive	Aeolian	0	0	78	F minor	Fm-Db-Eb
Depressive	Aeolian	0	0	78	F# minor	F#m-D-E
Depressive	Aeolian	0	0	78	G minor	Gm-Eb-F
Uneasiness	Harmonic minor	4	2	79	A minor	Am-F-Dm-E
Uneasiness	Harmonic minor	4	2	79	Ab minor	G#m-E-C#m-D#
Uneasiness	Harmonic minor	4	2	79	B minor	Bm-G-Em-F#
Uneasiness	Harmonic minor	4	2	79	Bb minor	Bbm-Gb-Ebm-F
Uneasiness	Harmonic minor	4	2	79	C minor	Cm-Ab-Fm-G
Uneasiness	Harmonic minor	4	2	79	C# minor	C#m-A-F#m-G#
Uneasiness	Harmonic minor	4	2	79	D minor	Dm-Bb-Gm-A
Uneasiness	Harmonic minor	4	2	79	E minor	Em-C-Am-B
Uneasiness	Harmonic minor	4	2	79	Eb minor	Ebm-B-Abm-Bb
Uneasiness	Harmonic minor	4	2	79	F minor	Fm-Db-Bbm-C
Uneasiness	Harmonic minor	4	2	79	F# minor	F#m-D-Bm-C#
Uneasiness	Harmonic minor	4	2	79	G minor	Gm-Eb-Cm-D
Despair	Aeolian	1	0	80	A minor	Am-G-C-F
Despair	Aeolian	1	0	80	Ab minor	G#m-F#-B-E
Despair	Aeolian	1	0	80	B minor	Bm-A-D-G
Despair	Aeolian	1	0	80	Bb minor	Bbm-Ab-Db-Gb
Despair	Aeolian	1	0	80	C minor	Cm-Bb-Eb-Ab
Despair	Aeolian	1	0	80	C# minor	C#m-B-E-A
Despair	Aeolian	1	0	80	D minor	Dm-C-F-Bb
Despair	Aeolian	1	0	80	E minor	Em-D-G-C
Despair	Aeolian	1	0	80	Eb minor	Ebm-Db-Gb-B
Despair	Aeolian	1	0	80	F minor	Fm-Eb-Ab-Db
Despair	Aeolian	1	0	80	F# minor	F#m-E-A-D
Despair	Aeolian	1	0	80	G minor	Gm-F-Bb-Eb
Depressive	Aeolian	0	0	81	A minor	Am-G-F
Depressive	Aeolian	0	0	81	Ab minor	G#m-F#-E
Depressive	Aeolian	0	0	81	B minor	Bm-A-G
Depressive	Aeolian	0	0	81	Bb minor	Bbm-Ab-Gb
Depressive	Aeolian	0	0	81	C minor	Cm-Bb-Ab
Depressive	Aeolian	0	0	81	C# minor	C#m-B-A
Depressive	Aeolian	0	0	81	D minor	Dm-C-Bb
Depressive	Aeolian	0	0	81	E minor	Em-D-C
Depressive	Aeolian	0	0	81	Eb minor	Ebm-Db-B
Depressive	Aeolian	0	0	81	F minor	Fm-Eb-Db
Depressive	Aeolian	0	0	81	F# minor	F#m-E-D
Depressive	Aeolian	0	0	81	G minor	Gm-F-Eb
Depressive	Aeolian	0	0	82	A minor	Am-G-F-E
Depressive	Aeolian	0	0	82	Ab minor	G#m-F#-E-D#
Depressive	Aeolian	0	0	82	B minor	Bm-A-G-F#
Depressive	Aeolian	0	0	82	Bb minor	Bbm-Ab-Gb-F
Depressive	Aeolian	0	0	82	C minor	Cm-Bb-Ab-G
Depressive	Aeolian	0	0	82	C# minor	C#m-B-A-G#
Depressive	Aeolian	0	0	82	D minor	Dm-C-Bb-A
Depressive	Aeolian	0	0	82	E minor	Em-D-C-B
Depressive	Aeolian	0	0	82	Eb minor	Ebm-Db-B-Bb
Depressive	Aeolian	0	0	82	F minor	Fm-Eb-Db-C
Depressive	Aeolian	0	0	82	F# minor	F#m-E-D-C#
Depressive	Aeolian	0	0	82	G minor	Gm-F-Eb-D
Depressive	Aeolian	0	0	83	A minor	Am-G-F-G
Depressive	Aeolian	0	0	83	Ab minor	G#m-F#-E-F#
Depressive	Aeolian	0	0	83	B minor	Bm-A-G-A
Depressive	Aeolian	0	0	83	Bb minor	Bbm-Ab-Gb-Ab
Depressive	Aeolian	0	0	83	C minor	Cm-Bb-Ab-Bb
Depressive	Aeolian	0	0	83	C# minor	C#m-B-A-B
Depressive	Aeolian	0	0	83	D minor	Dm-C-Bb-C
Depressive	Aeolian	0	0	83	E minor	Em-D-C-D
Depressive	Aeolian	0	0	83	Eb minor	Ebm-Db-B-Db
Depressive	Aeolian	0	0	83	F minor	Fm-Eb-Db-Eb
Depressive	Aeolian	0	0	83	F# minor	F#m-E-D-E
Depressive	Aeolian	0	0	83	G minor	Gm-F-Eb-F
Depressive	Aeolian	0	0	84	A minor	Am-G-Em-F
Depressive	Aeolian	0	0	84	Ab minor	G#m-F#-D#m-E
Depressive	Aeolian	0	0	84	B minor	Bm-A-F#m-G
Depressive	Aeolian	0	0	84	Bb minor	Bbm-Ab-Fm-Gb
Depressive	Aeolian	0	0	84	C minor	Cm-Bb-Gm-Ab
Depressive	Aeolian	0	0	84	C# minor	C#m-B-G#m-A
Depressive	Aeolian	0	0	84	D minor	Dm-C-Am-Bb
Depressive	Aeolian	0	0	84	E minor	Em-D-Bm-C
Depressive	Aeolian	0	0	84	Eb minor	Ebm-Db-Bbm-B
Depressive	Aeolian	0	0	84	F minor	Fm-Eb-Cm-Db
Depressive	Aeolian	0	0	84	F# minor	F#m-E-C#m-D
Depressive	Aeolian	0	0	84	G minor	Gm-F-Dm-Eb
Uneasiness	Phrygian	4	6	85	A minor	Am-Bb-G-Am
Uneasiness	Phrygian	4	6	85	Ab minor	G#m-A-F#-G#m
Uneasiness	Phrygian	4	6	85	B minor	Bm-C-A-Bm
Uneasiness	Phrygian	4	6	85	Bb minor	Bbm-B-Ab-Bbm
Uneasiness	Phrygian	4	6	85	C minor	Cm-Db-Bb-Cm
Uneasiness	Phrygian	4	6	85	C# minor	C#m-D-B-C#m
Uneasiness	Phrygian	4	6	85	D minor	Dm-Eb-C-Dm
Uneasiness	Phrygian	4	6	85	E minor	Em-F-D-Em
Uneasiness	Phrygian	4	6	85	Eb minor	Ebm-E-Db-Ebm
Uneasiness	Phrygian	4	6	85	F minor	Fm-Gb-Eb-Fm
Uneasiness	Phrygian	4	6	85	F# minor	F#m-G-E-F#m
Uneasiness	Phrygian	4	6	85	G minor	Gm-Ab-F-Gm
Despair	Phrygian	1	6	86	A minor	Am-Bb-G-Am
Despair	Phrygian	1	6	86	Ab minor	G#m-A-F#-G#m
Despair	Phrygian	1	6	86	B minor	Bm-C-A-Bm
Despair	Phrygian	1	6	86	Bb minor	Bbm-B-Ab-Bbm
Despair	Phrygian	1	6	86	C minor	Cm-Db-Bb-Cm
Despair	Phrygian	1	6	86	C# minor	C#m-D-B-C#m
Despair	Phrygian	1	6	86	D minor	Dm-Eb-C-Dm
Despair	Phrygian	1	6	86	E minor	Em-F-D-Em
Despair	Phrygian	1	6	86	Eb minor	Ebm-E-Db-Ebm
Despair	Phrygian	1	6	86	F minor	Fm-Gb-Eb-Fm
Despair	Phrygian	1	6	86	F# minor	F#m-G-E-F#m
Despair	Phrygian	1	6	86	G minor	Gm-Ab-F-Gm
Uneasiness	Dorian	4	1	87	A minor	Am-Bm-D-G
Uneasiness	Dorian	4	1	87	Ab minor	G#m-Bbm-C#-F#
Uneasiness	Dorian	4	1	87	B minor	Bm-C#m-E-A
Uneasiness	Dorian	4	1	87	Bb minor	Bbm-Cm-Eb-Ab
Uneasiness	Dorian	4	1	87	C minor	Cm-Dm-F-Bb
Uneasiness	Dorian	4	1	87	C# minor	C#m-D#m-F#-B
Uneasiness	Dorian	4	1	87	D minor	Dm-Em-G-C
Uneasiness	Dorian	4	1	87	E minor	Em-F#m-A-D
Uneasiness	Dorian	4	1	87	Eb minor	Ebm-Fm-Ab-Db
Uneasiness	Dorian	4	1	87	F minor	Fm-Gm-Bb-Eb
Uneasiness	Dorian	4	1	87	F# minor	F#m-G#m-B-E
Uneasiness	Dorian	4	1	87	G minor	Gm-Am-C-F
Depressive	Harmonic minor	0	2	88	A minor	Am-Dm-E-Am
Depressive	Harmonic minor	0	2	88	Ab minor	G#m-C#m-D#-G#m
Depressive	Harmonic minor	0	2	88	B minor	Bm-Em-F#-Bm
Depressive	Harmonic minor	0	2	88	Bb minor	Bbm-Ebm-F-Bbm
Depressive	Harmonic minor	0	2	88	C minor	Cm-Fm-G-Cm
Depressive	Harmonic minor	0	2	88	C# minor	C#m-F#m-G#-C#m
Depressive	Harmonic minor	0	2	88	D minor	Dm-Gm-A-Dm
Depressive	Harmonic minor	0	2	88	E minor	Em-Am-B-Em
Depressive	Harmonic minor	0	2	88	Eb minor	Ebm-Abm-Bb-Ebm
Depressive	Harmonic minor	0	2	88	F minor	Fm-Bbm-C-Fm
Depressive	Harmonic minor	0	2	88	F# minor	F#m-Bm-C#-F#m
Depressive	Harmonic minor	0	2	88	G minor	Gm-Cm-D-Gm
Despair	Aeolian	1	0	89	A minor	Am-Dm-F-G
Despair	Aeolian	1	0	89	Ab minor	G#m-C#m-E-F#
Despair	Aeolian	1	0	89	B minor	Bm-Em-G-A
Despair	Aeolian	1	0	89	Bb minor	Bbm-Ebm-Gb-Ab
Despair	Aeolian	1	0	89	C minor	Cm-Fm-Ab-Bb
Despair	Aeolian	1	0	89	C# minor	C#m-F#m-A-B
Despair	Aeolian	1	0	89	D minor	Dm-Gm-Bb-C
Despair	Aeolian	1	0	89	E minor	Em-Am-C-D
Despair	Aeolian	1	0	89	Eb minor	Ebm-Abm-B-Db
Despair	Aeolian	1	0	89	F minor	Fm-Bbm-Db-Eb
Despair	Aeolian	1	0	89	F# minor	F#m-Bm-D-E
Despair	Aeolian	1	0	89	G minor	Gm-Cm-Eb-F
Depressive	Aeolian	0	0	90	A minor	Am-Dm-G
Depressive	Aeolian	0	0	90	Ab minor	G#m-C#m-F#
Depressive	Aeolian	0	0	90	B minor	Bm-Em-A
Depressive	Aeolian	0	0	90	Bb minor	Bbm-Ebm-Ab
Depressive	Aeolian	0	0	90	C minor	Cm-Fm-Bb
Depressive	Aeolian	0	0	90	C# minor	C#m-F#m-B
Depressive	Aeolian	0	0	90	D minor	Dm-Gm-C
Depressive	Aeolian	0	0	90	E minor	Em-Am-D
Depressive	Aeolian	0	0	90	Eb minor	Ebm-Abm-Db
Depressive	Aeolian	0	0	90	F minor	Fm-Bbm-Eb
Depressive	Aeolian	0	0	90	F# minor	F#m-Bm-E
Depressive	Aeolian	0	0	90	G minor	Gm-Cm-F
Depressive	Aeolian	0	0	91	A minor	Am-Dm-G-C
Depressive	Aeolian	0	0	91	Ab minor	G#m-C#m-F#-B
Depressive	Aeolian	0	0	91	B minor	Bm-Em-A-D
Depressive	Aeolian	0	0	91	Bb minor	Bbm-Ebm-Ab-Db
Depressive	Aeolian	0	0	91	C minor	Cm-Fm-Bb-Eb
Depressive	Aeolian	0	0	91	C# minor	C#m-F#m-B-E
Depressive	Aeolian	0	0	91	D minor	Dm-Gm-C-F
Depressive	Aeolian	0	0	91	E minor	Em-Am-D-G
Depressive	Aeolian	0	0	91	Eb minor	Ebm-Abm-Db-Gb
Depressive	Aeolian	0	0	91	F minor	Fm-Bbm-Eb-Ab
Depressive	Aeolian	0	0	91	F# minor	F#m-Bm-E-A
Depressive	Aeolian	0	0	91	G minor	Gm-Cm-F-Bb
Depressive	Aeolian	0	0	92	A minor	Am-Dm-Am-Em
Depressive	Aeolian	0	0	92	Ab minor	G#m-C#m-G#m-D#m
Depressive	Aeolian	0	0	92	B minor	Bm-Em-Bm-F#m
Depressive	Aeolian	0	0	92	Bb minor	Bbm-Ebm-Bbm-Fm
Depressive	Aeolian	0	0	92	C minor	Cm-Fm-Cm-Gm
Depressive	Aeolian	0	0	92	C# minor	C#m-F#m-C#m-G#m
Depressive	Aeolian	0	0	92	D minor	Dm-Gm-Dm-Am
Depressive	Aeolian	0	0	92	E minor	Em-Am-Em-Bm
Depressive	Aeolian	0	0	92	Eb minor	Ebm-Abm-Ebm-Bbm
Depressive	Aeolian	0	0	92	F minor	Fm-Bbm-Fm-Cm
Depressive	Aeolian	0	0	92	F# minor	F#m-Bm-F#m-C#m
Depressive	Aeolian	0	0	92	G minor	Gm-Cm-Gm-Dm
Despair	Aeolian	1	0	93	A minor	Am-Dm-Em
Despair	Aeolian	1	0	93	Ab minor	G#m-C#m-D#m
Despair	Aeolian	1	0	93	B minor	Bm-Em-F#m
Despair	Aeolian	1	0	93	Bb minor	Bbm-Ebm-Fm
Despair	Aeolian	1	0	93	C minor	Cm-Fm-Gm
Despair	Aeolian	1	0	93	C# minor	C#m-F#m-G#m
Despair	Aeolian	1	0	93	D minor	Dm-Gm-Am
Despair	Aeolian	1	0	93	E minor	Em-Am-Bm
Despair	Aeolian	1	0	93	Eb minor	Ebm-Abm-Bbm
Despair	Aeolian	1	0	93	F minor	Fm-Bbm-Cm
Despair	Aeolian	1	0	93	F# minor	F#m-Bm-C#m
Despair	Aeolian	1	0	93	G minor	Gm-Cm-Dm
Depressive	Aeolian	0	0	94	A minor	Am-Em-C-F
Depressive	Aeolian	0	0	94	Ab minor	G#m-D#m-B-E
Depressive	Aeolian	0	0	94	B minor	Bm-F#m-D-G
Depressive	Aeolian	0	0	94	Bb minor	Bbm-Fm-Db-Gb
Depressive	Aeolian	0	0	94	C minor	Cm-Gm-Eb-Ab
Depressive	Aeolian	0	0	94	C# minor	C#m-G#m-E-A
Depressive	Aeolian	0	0	94	D minor	Dm-Am-F-Bb
Depressive	Aeolian	0	0	94	E minor	Em-Bm-G-C
Depressive	Aeolian	0	0	94	Eb minor	Ebm-Bbm-Gb-B
Depressive	Aeolian	0	0	94	F minor	Fm-Cm-Ab-Db
Depressive	Aeolian	0	0	94	F# minor	F#m-C#m-A-D
Depressive	Aeolian	0	0	94	G minor	Gm-Dm-Bb-Eb
Depressive	Aeolian	0	0	95	A minor	Am-Em-C-G
Depressive	Aeolian	0	0	95	Ab minor	G#m-D#m-B-F#
Depressive	Aeolian	0	0	95	B minor	Bm-F#m-D-A
Depressive	Aeolian	0	0	95	Bb minor	Bbm-Fm-Db-Ab
Depressive	Aeolian	0	0	95	C minor	Cm-Gm-Eb-Bb
Depressive	Aeolian	0	0	95	C# minor	C#m-G#m-E-B
Depressive	Aeolian	0	0	95	D minor	Dm-Am-F-C
Depressive	Aeolian	0	0	95	E minor	Em-Bm-G-D
Depressive	Aeolian	0	0	95	Eb minor	Ebm-Bbm-Gb-Db
Depressive	Aeolian	0	0	95	F minor	Fm-Cm-Ab-Eb
Depressive	Aeolian	0	0	95	F# minor	F#m-C#m-A-E
Depressive	Aeolian	0	0	95	G minor	Gm-Dm-Bb-F
Depressive	Aeolian	0	0	96	A minor	Am-Em-G-F
Depressive	Aeolian	0	0	96	Ab minor	G#m-D#m-F#-E
Depressive	Aeolian	0	0	96	B minor	Bm-F#m-A-G
Depressive	Aeolian	0	0	96	Bb minor	Bbm-Fm-Ab-Gb
Depressive	Aeolian	0	0	96	C minor	Cm-Gm-Bb-Ab
Depressive	Aeolian	0	0	96	C# minor	C#m-G#m-B-A
Depressive	Aeolian	0	0	96	D minor	Dm-Am-C-Bb
Depressive	Aeolian	0	0	96	E minor	Em-Bm-D-C
Depressive	Aeolian	0	0	96	Eb minor	Ebm-Bbm-Db-B
Depressive	Aeolian	0	0	96	F minor	Fm-Cm-Eb-Db
Depressive	Aeolian	0	0	96	F# minor	F#m-C#m-E-D
Depressive	Aeolian	0	0	96	G minor	Gm-Dm-F-Eb
Depressive	Aeolian	0	0	97	A minor	Am-Em-G-Em
Depressive	Aeolian	0	0	97	Ab minor	G#m-D#m-F#-D#m
Depressive	Aeolian	0	0	97	B minor	Bm-F#m-A-F#m
Depressive	Aeolian	0	0	97	Bb minor	Bbm-Fm-Ab-Fm
Depressive	Aeolian	0	0	97	C minor	Cm-Gm-Bb-Gm
Depressive	Aeolian	0	0	97	C# minor	C#m-G#m-B-G#m
Depressive	Aeolian	0	0	97	D minor	Dm-Am-C-Am
Depressive	Aeolian	0	0	97	E minor	Em-Bm-D-Bm
Depressive	Aeolian	0	0	97	Eb minor	Ebm-Bbm-Db-Bbm
Depressive	Aeolian	0	0	97	F minor	Fm-Cm-Eb-Cm
Depressive	Aeolian	0	0	97	F# minor	F#m-C#m-E-C#m
Depressive	Aeolian	0	0	97	G minor	Gm-Dm-F-Dm
Joyful	Ionian	3	3	98	A	Bm-D-E-A
Joyful	Ionian	3	3	98	Ab	Bbm-Db-Eb-Ab
Joyful	Ionian	3	3	98	B	C#m-E-F#-B
Joyful	Ionian	3	3	98	Bb	Cm-Eb-F-Bb
Joyful	Ionian	3	3	98	C	Dm-F-G-C
Joyful	Ionian	3	3	98	D	Em-G-A-D
Joyful	Ionian	3	3	98	Db	Ebm-Gb-Ab-Db
Joyful	Ionian	3	3	98	E	F#m-A-B-E
Joyful	Ionian	3	3	98	Eb	Fm-Ab-Bb-Eb
Joyful	Ionian	3	3	98	F	Gm-Bb-C-F
Joyful	Ionian	3	3	98	F#	G#m-B-C#-F#
Joyful	Ionian	3	3	98	G	Am-C-D-G
Joyful	Ionian	3	3	99	A	Bm-E-A
Joyful	Ionian	3	3	99	Ab	Bbm-Eb-Ab
Joyful	Ionian	3	3	99	B	C#m-F#-B
Joyful	Ionian	3	3	99	Bb	Cm-F-Bb
Joyful	Ionian	3	3	99	C	Dm-G-C
Joyful	Ionian	3	3	99	D	Em-A-D
Joyful	Ionian	3	3	99	Db	Ebm-Ab-Db
Joyful	Ionian	3	3	99	E	F#m-B-E
Joyful	Ionian	3	3	99	Eb	Fm-Bb-Eb
Joyful	Ionian	3	3	99	F	Gm-C-F
Joyful	Ionian	3	3	99	F#	G#m-C#-F#
Joyful	Ionian	3	3	99	G	Am-D-G
Depressive	Ionian	0	3	100	A	Bm-C#m-F#m
Depressive	Ionian	0	3	100	Ab	Bbm-Cm-Fm
Depressive	Ionian	0	3	100	B	C#m-D#m-G#m
Depressive	Ionian	0	3	100	Bb	Cm-Dm-Gm
Depressive	Ionian	0	3	100	C	Dm-Em-Am
Depressive	Ionian	0	3	100	D	Em-F#m-Bm
Depressive	Ionian	0	3	100	Db	Ebm-Fm-Bbm
Depressive	Ionian	0	3	100	E	F#m-G#m-C#m
Depressive	Ionian	0	3	100	Eb	Fm-Gm-Cm
Depressive	Ionian	0	3	100	F	Gm-Am-Dm
Depressive	Ionian	0	3	100	F#	G#m-A#m-D#m
Depressive	Ionian	0	3	100	G	Am-Bm-Em
Despair	Harmonic minor	1	2	101	A minor	Bdim-E-Am
Despair	Harmonic minor	1	2	101	Ab minor	A#dim-D#-G#m
Despair	Harmonic minor	1	2	101	B minor	C#dim-F#-Bm
Despair	Harmonic minor	1	2	101	Bb minor	Cdim-F-Bbm
Despair	Harmonic minor	1	2	101	C minor	Ddim-G-Cm
Despair	Harmonic minor	1	2	101	C# minor	D#dim-G#-C#m
Despair	Harmonic minor	1	2	101	D minor	Edim-A-Dm
Despair	Harmonic minor	1	2	101	E minor	F#dim-B-Em
Despair	Harmonic minor	1	2	101	Eb minor	Fdim-Bb-Ebm
Despair	Harmonic minor	1	2	101	F minor	Gdim-C-Fm
Despair	Harmonic minor	1	2	101	F# minor	G#dim-C#-F#m
Despair	Harmonic minor	1	2	101	G minor	Adim-D-Gm
Epic	Ionian	2	3	102	A	Dm-G-A
Epic	Ionian	2	3	102	Ab	Dbm-Gb-Ab
Epic	Ionian	2	3	102	B	Em-A-B
Epic	Ionian	2	3	102	Bb	Ebm-Ab-Bb
Epic	Ionian	2	3	102	C	Fm-Bb-C
Epic	Ionian	2	3	102	D	Gm-C-D
Epic	Ionian	2	3	102	Db	Gbm-B-Db
Epic	Ionian	2	3	102	E	Am-D-E
Epic	Ionian	2	3	102	Eb	Abm-Db-Eb
Epic	Ionian	2	3	102	F	Bbm-Eb-F
Epic	Ionian	2	3	102	F#	Bm-E-F#
Epic	Ionian	2	3	102	G	Cm-F-G
Joyful	Ionian	3	3	103	A	F#m-A-E-D
Joyful	Ionian	3	3	103	Ab	Fm-Ab-Eb-Db
Joyful	Ionian	3	3	103	B	G#m-B-F#-E
Joyful	Ionian	3	3	103	Bb	Gm-Bb-F-Eb
Joyful	Ionian	3	3	103	C	Am-C-G-F
Joyful	Ionian	3	3	103	D	Bm-D-A-G
Joyful	Ionian	3	3	103	Db	Bbm-Db-Ab-Gb
Joyful	Ionian	3	3	103	E	C#m-E-B-A
Joyful	Ionian	3	3	103	Eb	Cm-Eb-Bb-Ab
Joyful	Ionian	3	3	103	F	Dm-F-C-Bb
Joyful	Ionian	3	3	103	F#	D#m-F#-C#-B
Joyful	Ionian	3	3	103	G	Em-G-D-C
Vital	Ionian	5	3	104	A	F#m-B-E-A
Vital	Ionian	5	3	104	Ab	Fm-Bb-Eb-Ab
Vital	Ionian	5	3	104	B	G#m-C#-F#-B
Vital	Ionian	5	3	104	Bb	Gm-C-F-Bb
Vital	Ionian	5	3	104	C	Am-D-G-C
Vital	Ionian	5	3	104	D	Bm-E-A-D
Vital	Ionian	5	3	104	Db	Bbm-Eb-Ab-Db
Vital	Ionian	5	3	104	E	C#m-F#-B-E
Vital	Ionian	5	3	104	Eb	Cm-F-Bb-Eb
Vital	Ionian	5	3	104	F	Dm-G-C-F
Vital	Ionian	5	3	104	F#	D#m-G#-C#-F#
Vital	Ionian	5	3	104	G	Em-A-D-G
Joyful	Ionian	3	3	105	A	F#m-D-A
Joyful	Ionian	3	3	105	Ab	Fm-Db-Ab
Joyful	Ionian	3	3	105	B	G#m-E-B
Joyful	Ionian	3	3	105	Bb	Gm-Eb-Bb
Joyful	Ionian	3	3	105	C	Am-F-C
Joyful	Ionian	3	3	105	D	Bm-G-D
Joyful	Ionian	3	3	105	Db	Bbm-Gb-Db
Joyful	Ionian	3	3	105	E	C#m-A-E
Joyful	Ionian	3	3	105	Eb	Cm-Ab-Eb
Joyful	Ionian	3	3	105	F	Dm-Bb-F
Joyful	Ionian	3	3	105	F#	D#m-B-F#
Joyful	Ionian	3	3	105	G	Em-C-G
Joyful	Ionian	3	3	106	A	F#m-D-A-E
Joyful	Ionian	3	3	106	Ab	Fm-Db-Ab-Eb
Joyful	Ionian	3	3	106	B	G#m-E-B-F#
Joyful	Ionian	3	3	106	Bb	Gm-Eb-Bb-F
Joyful	Ionian	3	3	106	C	Am-F-C-G
Joyful	Ionian	3	3	106	D	Bm-G-D-A
Joyful	Ionian	3	3	106	Db	Bbm-Gb-Db-Ab
Joyful	Ionian	3	3	106	E	C#m-A-E-B
Joyful	Ionian	3	3	106	Eb	Cm-Ab-Eb-Bb
Joyful	Ionian	3	3	106	F	Dm-Bb-F-C
Joyful	Ionian	3	3	106	F#	D#m-B-F#-C#
Joyful	Ionian	3	3	106	G	Em-C-G-D
Joyful	Ionian	3	3	107	A	F#m-E-D-A
Joyful	Ionian	3	3	107	Ab	Fm-Eb-Db-Ab
Joyful	Ionian	3	3	107	B	G#m-F#-E-B
Joyful	Ionian	3	3	107	Bb	Gm-F-Eb-Bb
Joyful	Ionian	3	3	107	C	Am-G-F-C
Joyful	Ionian	3	3	107	D	Bm-A-G-D
Joyful	Ionian	3	3	107	Db	Bbm-Ab-Gb-Db
Joyful	Ionian	3	3	107	E	C#m-B-A-E
Joyful	Ionian	3	3	107	Eb	Cm-Bb-Ab-Eb
Joyful	Ionian	3	3	107	F	Dm-C-Bb-F
Joyful	Ionian	3	3	107	F#	D#m-C#-B-F#
Joyful	Ionian	3	3	107	G	Em-D-C-G
